Symbol,LTP,% Change,Open,High,Low,Qty.,link,Sector,Shares Outstanding,Market Price,Last Traded On,52 Weeks High - Low,180 Day Average,120 Day Average,1 Year Yield,EPS,P/E Ratio,Book Value,PBV,% Dividend,#,% Bonus,Right Share,30-Day Avg Volume,Market Capitalization
ACLBSL,582.0,1.05,597.9,573.1,587.0,2358.0,/CompanyDetail.aspx?symbol=ACLBSL,Microfinance,3671434.1,576.0,2024/01/08 03:00:00,906.70-500.10,568.39,547.08,-35.34,2.77,207.94,137.68,4.18,,#ValueFiscal Year,,,2319.0,2114746041.6
ADBL,245.1,0.12,248.0,243.1,248.0,29582.0,/CompanyDetail.aspx?symbol=ADBL,Commercial Banks,134516740.8,243.7,2024/01/08 03:00:00,355.80-224.00,252.1,250.45,-29.57,-36.1,-6.75,206.78,1.18,,#ValueFiscal Year1.(FY: 071-072),,,32958.0,32781729732.96
AHL,400.0,3.55,424.0,398.0,404.0,26096.0,/CompanyDetail.aspx?symbol=AHL,Hydro Power,3400000.0,405.9,2024/01/08 03:00:00,480.90-273.10,337.46,346.89,0.0,-0.27,-1503.33,112.56,3.61,,#ValueFiscal Year,,,14869.0,1380060000.0
AHPC,256.0,0.83,265.0,255.3,260.1,228110.0,/CompanyDetail.aspx?symbol=AHPC,Hydro Power,18679626.0,255.0,2024/01/08 03:00:00,364.00-190.00,222.5,219.02,-26.45,2.96,86.15,104.12,2.45,,#ValueFiscal Year1.(FY: 074-075)2.1:1(FY: 069-070),,,125990.0,4763304630.0
AKJCL,203.0,1.45,210.0,200.1,205.0,85620.0,/CompanyDetail.aspx?symbol=AKJCL,Hydro Power,8000000.0,203.0,2024/01/08 03:00:00,262.00-141.30,168.49,165.62,-14.35,4.84,41.94,70.33,2.89,,#ValueFiscal Year,,,86062.0,1624000000.0
AKPL,184.9,0.0,192.4,182.1,187.0,173885.0,/CompanyDetail.aspx?symbol=AKPL,Hydro Power,20407316.0,185.0,2024/01/08 03:00:00,460.90-152.40,186.75,177.4,-57.46,-31.25,-5.92,92.98,1.99,0.53(FY:078-079),#ValueFiscal Year1.1:1(FY: 080-081),,1:1(FY:),332893.0,3775353460.0
ALBSL,720.0,1.13,730.0,695.0,714.0,7473.0,/CompanyDetail.aspx?symbol=ALBSL,Microfinance,6416160.0,707.9,2024/01/08 03:00:00,"1,142.90-543.00",693.47,662.88,-34.52,-16.47,-42.98,140.84,5.03,,#ValueFiscal Year,,,8191.0,4541999664.0
ALICL,674.0,3.74,683.0,664.1,670.0,74425.0,/CompanyDetail.aspx?symbol=ALICL,Life Insurance,31553005.2,657.0,2024/01/08 03:00:00,812.00-517.50,669.94,648.28,-11.57,0.0,0.0,111.96,5.87,,#ValueFiscal Year1.1:0.6(FY: 075-076)2.2:1(FY: 074-075)3.(FY: 072-073),,1:0.6(FY:075-076),50447.0,20730324416.4
ANLB,1716.0,0.18,1760.0,1677.0,1677.0,1038.0,/CompanyDetail.aspx?symbol=ANLB,Microfinance,685718.0,1711.1,2024/01/08 03:00:00,"2,651.00-403.80",1947.76,1813.67,0.0,30.82,55.52,453.67,3.77,,#ValueFiscal Year,,,1445.0,1173332069.8
API,186.0,1.08,192.0,182.8,188.5,343662.0,/CompanyDetail.aspx?symbol=API,Hydro Power,56671045.1,186.5,2024/01/08 03:00:00,315.00-154.70,179.14,174.96,-33.15,-2.83,-65.9,102.45,1.82,,#ValueFiscal Year1.1:0.40(FY: 080-081)2.1:0.393632926(FY: 078-079)3.1:0.2938(FY: 077-078)4.1:0.47619047619(FY: 076-077),,1:0.40(FY:080-081),273317.0,10569149911.15
AVYAN,599.5,2.18,619.4,596.0,610.9,2768.0,/CompanyDetail.aspx?symbol=AVYAN,Microfinance,2500000.0,599.0,2024/01/08 03:00:00,820.00-549.00,644.12,613.86,-25.68,-45.37,-13.2,99.6,6.01,,#ValueFiscal Year,,,4146.0,1497500000.0
BARUN,239.7,6.75,252.9,235.3,245.0,148265.0,/CompanyDetail.aspx?symbol=BARUN,Hydro Power,5358150.0,250.0,2024/01/08 03:00:00,300.00-191.10,225.48,223.18,-8.36,-15.66,-15.96,107.25,2.33,0.26(FY:076-077),#ValueFiscal Year1.1:1(FY: 079-080)2.(FY: 073-074)3.(FY: 072-073),5.00(FY:076-077),1:1(FY:079-080),46238.0,1339537500.0
BBC,3864.0,2.92,3937.0,3850.0,3860.0,563.0,/CompanyDetail.aspx?symbol=BBC,Tradings,500000.0,3875.0,2024/01/08 03:00:00,"4,539.00-3,050.00",3801.26,3742.84,6.37,250.25,15.48,1685.32,2.3,,#ValueFiscal Year,,,597.0,1937500000.0
BEDC,328.0,6.78,352.0,322.0,345.2,42063.0,/CompanyDetail.aspx?symbol=BEDC,Hydro Power,5440534.0,338.5,2024/01/08 03:00:00,352.00-170.00,222.31,232.44,0.0,0.43,787.21,64.53,5.25,,#ValueFiscal Year,,,36041.0,1841620759.0
BFC,336.0,3.36,336.0,320.1,325.0,29699.0,/CompanyDetail.aspx?symbol=BFC,Finance,8548167.8,320.0,2024/01/08 03:00:00,406.00-284.00,314.15,307.2,-18.47,-9.28,-34.48,134.5,2.38,,#ValueFiscal Year1.1:0.25(FY: 074-075)2.(FY: 072-073),20.00(FY:067-068),1:0.25(FY:074-075),15925.0,2735413696.0
BGWT,574.0,0.07,593.0,565.0,585.0,23928.0,/CompanyDetail.aspx?symbol=BGWT,Hydro Power,5720647.0,584.4,2024/01/08 03:00:00,593.00-352.00,444.93,444.93,0.0,9.97,58.62,126.35,4.63,10.53(FY:079-080),#ValueFiscal Year,,,23485.0,3343146106.8
BHDC,471.5,-0.4,500.0,470.0,490.0,26226.0,/CompanyDetail.aspx?symbol=BHDC,Hydro Power,10500000.0,500.0,2024/01/08 03:00:00,512.00-286.50,351.07,358.26,13.64,23.44,21.33,119.56,4.18,5.26(FY:079-080),#ValueFiscal Year,5.00(FY:078-079),,15829.0,5250000000.0
BHL,294.0,6.32,313.9,288.1,300.1,30742.0,/CompanyDetail.aspx?symbol=BHL,Hydro Power,18279700.0,303.0,2024/01/08 03:00:00,394.70-192.70,232.2,231.44,-3.5,-17.88,-16.95,76.16,3.98,,#ValueFiscal Year,,,22955.0,5538749100.0
BHPL,468.3,2.22,494.0,467.0,467.0,11989.0,/CompanyDetail.aspx?symbol=BHPL,Hydro Power,2500000.0,474.9,2024/01/08 03:00:00,677.20-289.90,426.04,420.08,67.04,3.26,145.67,59.38,8.0,,#ValueFiscal Year,,,8392.0,1187250000.0
BNHC,407.0,4.17,421.0,392.2,408.0,22164.0,/CompanyDetail.aspx?symbol=BNHC,Hydro Power,4133044.0,400.0,2024/01/08 03:00:00,464.10-270.10,333.12,343.98,-12.09,-4.79,-83.51,86.89,4.6,,#ValueFiscal Year,,,10570.0,1653217600.0
BNT,12500.0,-0.49,12588.8,12250.0,12340.0,353.0,/CompanyDetail.aspx?symbol=BNT,Manufacturing And Processing,1210000.0,12100.0,2024/01/08 03:00:00,"16,200.00-10,500.00",13230.72,12700.07,-10.68,439.79,27.51,3340.39,3.62,,#ValueFiscal Year,,,416.0,14641000000.0
BPCL,303.0,1.17,314.0,302.5,309.0,24707.0,/CompanyDetail.aspx?symbol=BPCL,Hydro Power,34090650.0,303.0,2024/01/08 03:00:00,368.50-292.10,308.72,303.24,-9.55,8.82,34.35,206.85,1.46,,#ValueFiscal Year1.(FY: 070-071)2.3:2(FY: 070-071),5.00(FY:078-079),,23821.0,10329466950.0
BPW,1486.0,1.72,1524.0,1480.0,1480.0,1577.0,/CompanyDetail.aspx?symbol=BPW,Microfinance,300000.0,1475.0,2024/01/08 03:00:00,"1,718.00-233.10",1142.56,1095.67,0.0,89.18,16.54,103.29,14.28,,#ValueFiscal Year,,,2046.0,442500000.0
C30MF,8.55,0.0,8.67,8.5,8.5,2300.0,/CompanyDetail.aspx?symbol=C30MF,Mutual Fund,75072390.0,8.67,2024/01/08 03:00:00,10.00-7.61,8.22,8.13,0.0,0.0,0.0,0.0,8.67,,#ValueFiscal Year,,,6911.0,650877621.3
CBBL,860.0,-0.36,867.0,846.0,850.0,9994.0,/CompanyDetail.aspx?symbol=CBBL,Microfinance,29771721.0,842.0,2024/01/08 03:00:00,"1,303.00-727.00",934.83,914.99,-33.55,29.71,28.34,240.61,3.5,,#ValueFiscal Year,,,17578.0,25067789082.0
CBLD88,984.5,-0.05,985.0,984.5,985.0,25.0,/CompanyDetail.aspx?symbol=CBLD88,Corporate Debenture,3000000.0,1004.5,2024/01/08 03:00:00,"1,024.00-813.00",933.97,943.39,11.61,0.0,0.0,0.0,1004.5,,#ValueFiscal Year,,,74.0,3013500000.0
CCBD88,1010.0,3.23,1010.0,1000.0,1010.0,75.0,/CompanyDetail.aspx?symbol=CCBD88,Corporate Debenture,2200000.0,1022.0,2024/01/08 03:00:00,"1,022.90-816.00",933.13,937.87,15.57,0.0,0.0,0.0,1022.0,,#ValueFiscal Year,,,259.0,2248400000.0
CFCL,357.0,4.23,365.0,348.0,350.0,26531.0,/CompanyDetail.aspx?symbol=CFCL,Finance,9488754.59,347.1,2024/01/08 03:00:00,423.00-275.50,338.39,329.17,-7.66,-11.04,-31.44,117.99,2.94,,#ValueFiscal Year1.2:1(FY: 074-075),,2:1(FY:074-075),17895.0,3293546718.19
CGH,943.0,-2.87,950.0,901.0,901.0,14982.0,/CompanyDetail.aspx?symbol=CGH,Hotels And Tourism,15340910.0,913.0,2024/01/08 03:00:00,"1,520.00-901.00",1171.07,1093.98,-34.32,5.57,163.91,86.11,10.6,,#ValueFiscal Year,,,13310.0,14006250830.0
CHCL,506.0,0.4,515.0,502.2,508.0,80798.0,/CompanyDetail.aspx?symbol=CHCL,Hydro Power,79839972.08,502.0,2024/01/08 03:00:00,594.00-410.00,496.6,490.92,19.47,10.35,48.5,143.94,3.49,,#ValueFiscal Year,,,77006.0,40079665984.16
CHDC,1100.0,3.45,1217.2,1080.0,1151.0,69799.0,/CompanyDetail.aspx?symbol=CHDC,Investment,8394100.0,1169.0,2024/01/08 03:00:00,"1,217.20-681.20",982.0,968.57,52.99,14.31,81.69,163.9,7.13,,#ValueFiscal Year1.100:30(FY: 072-073),,100:30(FY:072-073),28816.0,9812702900.0
CHL,271.5,6.83,290.0,267.0,269.9,49488.0,/CompanyDetail.aspx?symbol=CHL,Hydro Power,3869775.0,266.0,2024/01/08 03:00:00,370.00-194.10,230.33,225.45,-14.25,-8.14,-32.68,89.73,2.96,0.26(FY:076-077),#ValueFiscal Year1.10:3(FY: 078-079),5.00(FY:076-077),10:3(FY:078-079),21798.0,1029360150.0
CIT,2198.0,0.88,2238.9,2185.0,2185.0,27426.0,/CompanyDetail.aspx?symbol=CIT,Investment,53137500.0,2175.0,2024/01/08 03:00:00,"2,704.00-1,850.00",2024.67,2000.91,-2.25,19.94,109.08,540.07,4.03,,#ValueFiscal Year1.100:82.84(FY: 077-078),,100:82.84(FY:077-078),23949.0,115574062500.0
CITY,689.2,2.7,722.0,685.0,692.0,63932.0,/CompanyDetail.aspx?symbol=CITY,Hotels And Tourism,16740000.0,685.0,2024/01/08 03:00:00,782.50-111.10,641.33,609.15,0.0,-14.42,-47.5,100.02,6.85,,#ValueFiscal Year,,,33236.0,11466900000.0
CKHL,546.0,0.72,571.2,545.1,571.2,20017.0,/CompanyDetail.aspx?symbol=CKHL,Hydro Power,,560.0,2024/01/08 03:00:00,595.00-300.00,486.02,486.02,0.0,0.0,0.0,0.0,560.0,,#ValueFiscal Year,,,20297.0,0.0
CLI,500.0,3.56,516.0,498.0,504.9,151508.0,/CompanyDetail.aspx?symbol=CLI,Life Insurance,37500000.0,495.0,2024/01/08 03:00:00,567.00-375.00,454.54,454.54,0.0,0.0,0.0,177.54,2.79,,#ValueFiscal Year,,,154031.0,18562500000.0
CMF1,8.25,1.23,8.36,8.25,8.3,36480.0,/CompanyDetail.aspx?symbol=CMF1,Mutual Fund,82000000.0,8.2,2024/01/08 03:00:00,9.40-6.96,8.04,8.01,-1.91,0.0,0.0,0.0,8.2,15.00(FY:076-077),#ValueFiscal Year,,,30829.0,672400000.0
CMF2,8.03,1.27,8.03,7.85,7.85,16025.0,/CompanyDetail.aspx?symbol=CMF2,Mutual Fund,56000000.0,8.0,2024/01/08 03:00:00,10.39-6.81,8.02,7.66,-8.99,0.0,0.0,0.0,0.0,,#ValueFiscal Year,,,13565.0,448000000.0
CORBL,384.3,1.35,395.7,359.5,366.9,21122.0,/CompanyDetail.aspx?symbol=CORBL,Development Bank Limited,5250000.0,359.8,2024/01/08 03:00:00,400.00-277.80,335.06,332.14,4.32,2.99,120.33,143.13,2.51,,#ValueFiscal Year1.1:1.5(FY: 078-079),,(FY:1:1.5),7814.0,1888950000.0
CYCL,1038.0,2.64,1055.0,1031.1,1031.1,2979.0,/CompanyDetail.aspx?symbol=CYCL,Microfinance,2664243.9,1050.0,2024/01/08 03:00:00,"2,057.90-882.00",1121.56,1041.67,-47.97,2.86,367.13,221.23,4.75,,#ValueFiscal Year,,,5724.0,2797456095.0
CZBIL,169.7,0.53,171.8,168.0,170.0,57823.0,/CompanyDetail.aspx?symbol=CZBIL,Commercial Banks,142009740.1,169.5,2024/01/08 03:00:00,224.00-158.90,178.31,173.61,-17.11,11.34,14.95,143.77,1.18,,#ValueFiscal Year1.10:2.5(FY: 072-073)2.10:5.50(FY: 071-072),12.91(FY:077-078),10:2.5(FY:072-073),46730.0,24070650946.95
DDBL,758.9,1.36,764.0,751.0,759.8,5724.0,/CompanyDetail.aspx?symbol=DDBL,Microfinance,15510881.7,745.0,2024/01/08 03:00:00,"1,095.00-606.70",743.38,731.46,-31.65,22.76,32.73,221.16,3.37,,#ValueFiscal Year1.1:1(FY: 073-074)2.(FY: 071-072),,1:1(FY:073-074),8259.0,11555606866.5
DHPL,186.0,0.43,191.0,183.4,189.0,29626.0,/CompanyDetail.aspx?symbol=DHPL,Hydro Power,2640000.0,188.8,2024/01/08 03:00:00,262.00-134.00,157.76,153.59,-20.71,-0.75,-251.73,1.83,103.17,,#ValueFiscal Year,,,32118.0,498432000.0
DLBS,931.0,-0.1,993.8,922.3,993.8,6900.0,/CompanyDetail.aspx?symbol=DLBS,Microfinance,1331000.0,1014.0,2024/01/08 03:00:00,"1,591.20-579.00",681.72,691.74,-35.0,-63.03,-16.09,159.21,6.37,0.75(FY:079-080),#ValueFiscal Year,14.25(FY:079-080),,4777.0,1349634000.0
DOLTI,314.0,4.44,327.0,312.0,321.0,56812.0,/CompanyDetail.aspx?symbol=DOLTI,Hydro Power,5364860.0,315.1,2024/01/08 03:00:00,337.00-177.40,227.56,236.23,0.0,4.33,72.77,78.6,4.01,,#ValueFiscal Year,,,44541.0,1690467386.0
DORDI,349.0,4.43,353.0,324.0,328.0,96900.0,/CompanyDetail.aspx?symbol=DORDI,Hydro Power,10542604.0,328.0,2024/01/08 03:00:00,353.00-191.60,231.25,233.82,8.32,10.17,32.25,102.87,3.19,,#ValueFiscal Year,,,43130.0,3457974112.0
EBL,512.0,0.6,515.0,506.0,506.0,38285.0,/CompanyDetail.aspx?symbol=EBL,Commercial Banks,106980940.0,506.0,2024/01/08 03:00:00,633.00-448.00,541.84,506.51,-4.17,29.19,17.33,242.34,2.09,,#ValueFiscal Year,,,37088.0,54132355640.0
EBLD85,1020.0,1.99,1033.0,1012.4,1033.0,150.0,/CompanyDetail.aspx?symbol=EBLD85,Corporate Debenture,2000000.0,1053.6,2024/01/08 03:00:00,"1,053.60-976.10",1006.08,1006.08,0.0,0.0,0.0,0.0,1053.6,,#ValueFiscal Year,,,222.0,2107200000.0
EDBL,353.9,1.85,361.0,331.0,331.0,61910.0,/CompanyDetail.aspx?symbol=EDBL,Development Bank Limited,12496944.7,331.0,2024/01/08 03:00:00,396.00-266.40,319.08,319.01,-10.54,-44.5,-7.44,130.46,2.54,,#ValueFiscal Year1.10:3(FY: 078-079)2.55(FY: 074-075)3.2:1(FY: 073-074)4.(FY: 073-074)5.2:1(FY: 072-073)6.(FY: 072-073)7.4:1.0370(FY: 071-072)8.1:0.35(FY: 069-070),,10:3(FY:078-079),36774.0,4136488695.7
EHPL,461.9,7.58,461.9,408.0,422.0,25258.0,/CompanyDetail.aspx?symbol=EHPL,Hydro Power,6200000.0,427.0,2024/01/08 03:00:00,508.00-273.00,331.5,341.78,0.95,10.04,42.53,76.24,5.6,,#ValueFiscal Year,,,11231.0,2647400000.0
ENL,840.8,0.84,867.0,839.0,856.0,6288.0,/CompanyDetail.aspx?symbol=ENL,Investment,5556000.0,840.0,2024/01/08 03:00:00,"1,060.00-572.00",855.98,850.67,15.86,1.4,600.0,113.29,7.41,,#ValueFiscal Year,,,8064.0,4667040000.0
FMDBL,631.8,2.31,638.9,619.0,623.0,19872.0,/CompanyDetail.aspx?symbol=FMDBL,Microfinance,12338269.07,619.0,2024/01/08 03:00:00,781.00-497.20,645.19,627.63,-15.78,16.43,37.67,139.42,4.44,,#ValueFiscal Year1.(FY: 073-074)2.2:1(FY: 073-074)3.1:1(FY: 071-072)4.(FY: 070-071),,,19546.0,7637388554.33
FOWAD,1116.9,0.66,1116.9,1075.0,1075.0,5450.0,/CompanyDetail.aspx?symbol=FOWAD,Microfinance,10555637.34,1075.0,2024/01/08 03:00:00,"2,017.00-974.00",1202.57,1160.49,-45.29,-42.06,-25.56,265.68,4.05,,#ValueFiscal Year,,,7158.0,11347310140.5
GBBD85,876.0,-0.56,876.0,843.0,843.0,121.0,/CompanyDetail.aspx?symbol=GBBD85,Corporate Debenture,1000000.0,855.2,2024/01/08 03:00:00,"1,000.00-744.10",860.19,848.57,3.41,0.0,0.0,0.0,855.2,,#ValueFiscal Year,,,299.0,855200000.0
GBBL,389.0,3.21,394.0,373.0,379.0,91840.0,/CompanyDetail.aspx?symbol=GBBL,Development Bank Limited,56805173.31,372.9,2024/01/08 03:00:00,432.40-336.00,381.33,379.23,-2.64,14.19,26.28,148.14,2.52,,#ValueFiscal Year1.(FY: 072-073)2.(FY: 070-071)3.10:3(FY: 069-070)4.(FY: 068-069),,,76326.0,21182649127.3
GBD80/81,1040.0,2.83,1040.0,1040.0,1040.0,50.0,/CompanyDetail.aspx?symbol=GBD80/81,Corporate Debenture,103105160.0,1054.0,2024/01/08 03:00:00,"1,075.00-953.40",1009.59,1011.75,6.53,0.0,0.0,0.0,1054.0,,#ValueFiscal Year,,,169.0,108672838640.0
GBIME,200.0,0.86,203.0,200.0,201.0,178234.0,/CompanyDetail.aspx?symbol=GBIME,Commercial Banks,361287706.0,200.0,2024/01/08 03:00:00,241.90-176.00,205.8,203.74,-4.94,13.57,14.74,167.62,1.19,,#ValueFiscal Year,,,151965.0,72257541200.0
GBLBS,548.0,1.25,569.0,545.0,547.3,7215.0,/CompanyDetail.aspx?symbol=GBLBS,Microfinance,9825000.0,536.6,2024/01/08 03:00:00,760.00-427.00,516.0,498.49,-27.09,14.07,38.14,218.97,2.45,,#ValueFiscal Year1.1:0.5(FY: 075-076),,1:0.5(FY:075-076),8210.0,5272095000.0
GCIL,522.0,0.0,545.0,520.1,530.0,95316.0,/CompanyDetail.aspx?symbol=GCIL,Manufacturing And Processing,45676856.9,532.0,2024/01/08 03:00:00,614.00-363.10,463.89,456.12,0.0,1.17,454.7,247.44,2.15,,#ValueFiscal Year,15.00(FY:079-080),,168111.0,24300087870.8
GFCL,444.0,1.18,449.0,437.1,438.0,16937.0,/CompanyDetail.aspx?symbol=GFCL,Finance,9461152.0,430.0,2024/01/08 03:00:00,565.00-375.00,438.5,422.72,-21.68,-14.8,-29.05,246.35,1.75,,#ValueFiscal Year1.10:6(FY: 073-074)2.(FY: 072-073)3.(FY: 071-072),,10:6(FY:073-074),15252.0,4068295360.0
GHL,163.9,0.5,168.1,160.9,164.0,61989.0,/CompanyDetail.aspx?symbol=GHL,Hydro Power,5500000.0,160.8,2024/01/08 03:00:00,309.00-120.00,172.95,159.62,-42.78,-22.79,-7.06,70.21,2.29,,#ValueFiscal Year1.(FY: 080-081),,,88596.0,884400000.0
GIBF1,8.03,-0.25,8.24,7.99,8.01,146850.0,/CompanyDetail.aspx?symbol=GIBF1,Mutual Fund,102576360.0,8.13,2024/01/08 03:00:00,9.70-7.20,8.23,8.02,-8.65,0.0,0.0,0.0,8.13,5.00(FY:079-080),#ValueFiscal Year,,,19995.0,833945806.8
GILB,832.5,0.96,844.4,828.0,843.9,2143.0,/CompanyDetail.aspx?symbol=GILB,Microfinance,6189000.45,828.0,2024/01/08 03:00:00,"1,359.00-665.10",880.49,847.13,-36.94,21.98,37.67,181.5,4.56,,#ValueFiscal Year1.1:1(FY: 076-077)2.(FY: 074-075)3.2:1(FY: 073-074),,1:1(FY:076-077),4802.0,5124492372.6
GLBSL,745.0,1.71,760.0,689.2,689.2,2565.0,/CompanyDetail.aspx?symbol=GLBSL,Microfinance,1014000.0,703.0,2024/01/08 03:00:00,"1,011.20-589.10",688.72,668.29,-24.81,3.68,191.03,124.54,5.64,,#ValueFiscal Year,,,942.0,712842000.0
GLH,257.9,2.17,268.0,254.2,260.0,31122.0,/CompanyDetail.aspx?symbol=GLH,Hydro Power,18000000.0,259.5,2024/01/08 03:00:00,370.00-194.60,228.68,222.59,-19.16,-0.87,-298.28,80.65,3.22,,#ValueFiscal Year,,,24515.0,4671000000.0
GMFBS,749.0,1.82,749.0,721.0,721.0,1313.0,/CompanyDetail.aspx?symbol=GMFBS,Microfinance,1515545.33,728.0,2024/01/08 03:00:00,981.00-641.00,713.57,705.57,-23.37,7.6,95.79,131.15,5.55,1.00(FY:077-078),#ValueFiscal Year,19.00(FY:077-078),,627.0,1103316996.6
GMFIL,376.0,1.46,382.0,367.5,369.0,34816.0,/CompanyDetail.aspx?symbol=GMFIL,Finance,10121760.0,362.0,2024/01/08 03:00:00,427.00-277.00,353.96,346.68,-6.7,-21.33,-16.97,137.9,2.63,,#ValueFiscal Year1.10:4(FY: 074-075)2.2:1(FY: 073-074)3.(FY: 073-074)4.(FY: 071-072),,10:4(FY:074-075),19538.0,3664077120.0
GRDBL,353.0,0.78,353.1,323.0,327.4,30114.0,/CompanyDetail.aspx?symbol=GRDBL,Development Bank Limited,5190000.0,321.0,2024/01/08 03:00:00,353.10-0.00,311.93,311.55,11.85,8.39,38.26,114.01,2.82,0.20(FY:078-079),#ValueFiscal Year1.(FY: 074-075)2.1:4(FY: 072-073),3.80(FY:078-079),,8118.0,1665990000.0
GUFL,543.0,0.38,547.0,536.1,537.5,20627.0,/CompanyDetail.aspx?symbol=GUFL,Finance,8679938.0,527.0,2024/01/08 03:00:00,652.00-454.00,530.84,524.71,-16.22,28.43,18.54,167.72,3.14,,#ValueFiscal Year1.2:1(FY: 073-074),7.00(FY:071-072),2:1(FY:073-074),26150.0,4574327326.0
GVL,448.4,7.54,480.0,447.1,465.0,88830.0,/CompanyDetail.aspx?symbol=GVL,Hydro Power,31250000.0,467.8,2024/01/08 03:00:00,511.00-299.90,369.05,369.8,12.75,30.04,15.57,114.73,4.08,,#ValueFiscal Year,,,52176.0,14618750000.0
GWFD83,1095.0,0.46,1095.0,1095.0,1095.0,85.0,/CompanyDetail.aspx?symbol=GWFD83,Corporate Debenture,,1095.0,2024/01/08 03:00:00,"1,147.50-999.80",1063.3,1070.29,4.29,0.0,0.0,0.0,1095.0,,#ValueFiscal Year,,,277.0,0.0
HATHY,1040.0,8.37,1118.0,1034.0,1055.0,86634.0,/CompanyDetail.aspx?symbol=HATHY,Investment,12870000.0,1034.9,2024/01/08 03:00:00,"1,118.00-279.50",547.85,547.85,0.0,4.92,210.35,154.98,6.68,,#ValueFiscal Year1.9.779(FY: 072-073),,9.779(FY:072-073),148904.0,13319163000.0
HBL,204.0,0.2,206.0,202.0,203.0,47559.0,/CompanyDetail.aspx?symbol=HBL,Commercial Banks,216566156.32,201.4,2024/01/08 03:00:00,334.00-193.00,206.98,203.48,-36.25,19.51,10.32,170.27,1.18,,#ValueFiscal Year1.7:1(FY: 071-072),,7:1(FY:071-072),53515.0,43616423882.85
HBLD83,1020.0,1.94,1020.0,1020.0,1020.0,25.0,/CompanyDetail.aspx?symbol=HBLD83,Corporate Debenture,,1000.0,2024/01/08 03:00:00,"1,081.60-981.00",1014.24,1002.8,-7.66,0.0,0.0,0.0,1000.0,,#ValueFiscal Year,,,1696.0,0.0
HBLD86,938.0,-0.45,947.0,938.0,947.0,100.0,/CompanyDetail.aspx?symbol=HBLD86,Corporate Debenture,2500000.0,956.0,2024/01/08 03:00:00,"1,000.00-938.00",971.22,971.22,0.0,0.0,0.0,0.0,956.0,,#ValueFiscal Year,,,51.0,2390000000.0
HBLPO,164.6,-9.51,178.2,164.6,178.2,50.0,/CompanyDetail.aspx?symbol=HBLPO,Promotor Share,,181.8,2024/01/08 03:00:00,300.00-164.60,253.27,253.27,-39.4,0.0,0.0,0.0,181.8,7.10(FY:071-072),#ValueFiscal Year,35.00(FY:071-072),,3287.0,0.0
HDHPC,143.1,0.14,148.5,143.0,145.0,429769.0,/CompanyDetail.aspx?symbol=HDHPC,Hydro Power,28000000.0,144.2,2024/01/08 03:00:00,264.00-116.00,134.13,129.61,-40.88,-2.65,-54.42,77.5,1.86,,#ValueFiscal Year1.1:0.75(FY: 079-080),,1:0.75(FY:079-080),626131.0,4037600000.0
HDL,1720.0,-0.23,1739.8,1711.0,1725.0,33881.0,/CompanyDetail.aspx?symbol=HDL,Manufacturing And Processing,26725233.15,1711.0,2024/01/08 03:00:00,"2,860.00-1,540.00",1927.12,1815.48,-39.86,15.75,108.63,138.56,12.35,15.00(FY:079-080),#ValueFiscal Year,10.00(FY:079-080),,37313.0,45726873919.65
HEI,651.0,1.53,672.0,650.0,659.0,50111.0,/CompanyDetail.aspx?symbol=HEI,Non-Life Insurance,23015350.0,650.0,2024/01/08 03:00:00,679.00-400.60,565.97,550.65,27.73,13.28,48.95,184.78,3.52,,#ValueFiscal Year,,,63032.0,14959977500.0
HEIP,406.9,2.95,408.0,393.0,395.0,8893.0,/CompanyDetail.aspx?symbol=HEIP,Promotor Share,,391.3,2024/01/08 03:00:00,486.90-245.50,412.12,399.55,8.69,0.0,0.0,0.0,391.3,,#ValueFiscal Year,,,7123.0,0.0
HHL,325.1,-0.94,338.0,320.0,320.0,53166.0,/CompanyDetail.aspx?symbol=HHL,Hydro Power,10950000.0,316.0,2024/01/08 03:00:00,387.00-170.30,227.36,233.26,8.22,8.73,36.2,72.84,4.34,,#ValueFiscal Year,,,48513.0,3460200000.0
HIDCL,187.5,0.38,192.0,184.3,185.0,204272.0,/CompanyDetail.aspx?symbol=HIDCL,Investment,227757993.8,183.0,2024/01/08 03:00:00,240.00-154.00,171.89,169.33,-16.78,6.66,27.48,110.02,1.66,,#ValueFiscal Year1.1:1(FY: 078-079)2.1:1(FY: 074-075),,1:1(FY:078-079),163614.0,41679712865.4
HIDCLP,101.0,-0.79,103.8,100.2,101.9,187699.0,/CompanyDetail.aspx?symbol=HIDCLP,Promotor Share,,100.1,2024/01/08 03:00:00,126.40-96.60,100.7,100.68,-3.75,0.0,0.0,0.0,100.1,,#ValueFiscal Year,,,185423.0,0.0
HLBSL,590.0,3.76,604.0,570.0,571.0,6050.0,/CompanyDetail.aspx?symbol=HLBSL,Microfinance,3198181.3,580.0,2024/01/08 03:00:00,805.00-519.10,616.19,600.66,0.0,1.36,426.47,144.02,4.03,,#ValueFiscal Year1.1:1(FY: 077-078),,1:1(FY:077-078),7757.0,1854945154.0
HLI,430.0,4.8,444.0,429.5,436.1,115266.0,/CompanyDetail.aspx?symbol=HLI,Life Insurance,80203836.02,427.6,2024/01/08 03:00:00,574.00-350.00,433.39,417.36,0.0,0.0,0.0,115.75,3.69,,#ValueFiscal Year,,,142757.0,34295160282.15
HPPL,243.0,2.52,252.0,243.0,247.0,47875.0,/CompanyDetail.aspx?symbol=HPPL,Hydro Power,10654170.0,244.0,2024/01/08 03:00:00,365.00-199.00,232.91,222.23,-27.38,-35.3,-6.91,91.09,2.68,,#ValueFiscal Year,,,32422.0,2599617480.0
HRL,374.1,0.0,374.1,346.9,346.9,10699.0,/CompanyDetail.aspx?symbol=HRL,Others,70000000.0,340.1,2024/01/08 03:00:00,374.10-309.20,357.1,357.1,0.0,4.85,70.12,105.51,3.22,,#ValueFiscal Year,,,20782.0,23807000000.0
HURJA,287.0,4.91,296.8,284.0,285.0,148119.0,/CompanyDetail.aspx?symbol=HURJA,Hydro Power,9900000.0,279.9,2024/01/08 03:00:00,443.40-205.00,238.41,235.85,-17.38,12.8,21.87,96.59,2.9,,#ValueFiscal Year,,,70765.0,2771010000.0
ICFC,490.0,2.26,494.7,471.0,479.0,51019.0,/CompanyDetail.aspx?symbol=ICFC,Finance,11834709.6,469.9,2024/01/08 03:00:00,552.00-391.00,472.33,464.57,-6.95,3.17,148.23,159.23,2.95,,#ValueFiscal Year2.(FY: 070-071)1.2:1(FY: 072-073),,2:1(FY:072-073),25734.0,5561130041.04
IGI,563.0,4.03,575.0,560.0,575.0,73502.0,/CompanyDetail.aspx?symbol=IGI,Non-Life Insurance,30293346.4,568.0,2024/01/08 03:00:00,615.00-366.20,513.11,505.29,4.03,6.75,84.15,157.82,3.6,,#ValueFiscal Year1.10:4(FY: 078-079)2.(FY: 074-075)3.1:1(FY: 073-074)4.10:8(FY: 073-074)5.2:1(FY: 067-068),,10:4(FY:078-079),99719.0,17206620755.2
IHL,316.0,6.08,335.0,312.2,312.5,51037.0,/CompanyDetail.aspx?symbol=IHL,Hydro Power,6000000.0,314.0,2024/01/08 03:00:00,352.90-200.20,248.32,255.36,0.0,-0.09,-3488.89,98.41,3.19,,#ValueFiscal Year,,,30847.0,1884000000.0
ILBS,655.0,9.74,672.0,637.1,662.5,3927.0,/CompanyDetail.aspx?symbol=ILBS,Microfinance,4974159.42,676.0,2024/01/08 03:00:00,"1,048.00-537.00",637.35,623.01,-32.73,2.95,229.15,137.64,4.91,1.46(FY:077-078),#ValueFiscal Year,,,5012.0,3362531767.92
ILI,563.0,4.72,573.2,557.5,565.0,100388.0,/CompanyDetail.aspx?symbol=ILI,Life Insurance,40000000.0,557.1,2024/01/08 03:00:00,640.60-444.00,531.99,518.19,0.0,0.0,0.0,167.85,3.32,,#ValueFiscal Year,,,148822.0,22284000000.0
JALPA,1095.1,-1.37,1114.9,1072.0,1072.0,1780.0,/CompanyDetail.aspx?symbol=JALPA,Microfinance,1828000.0,1080.0,2024/01/08 03:00:00,"3,532.00-920.00",1181.27,1066.18,-68.42,-36.02,-29.98,289.26,3.73,,#ValueFiscal Year,,,1347.0,1974240000.0
JBBD87,863.0,2.45,863.0,863.0,863.0,10.0,/CompanyDetail.aspx?symbol=JBBD87,Corporate Debenture,1500000.0,879.0,2024/01/08 03:00:00,"1,000.00-850.20",882.92,882.92,0.0,0.0,0.0,0.0,879.0,,#ValueFiscal Year,,,102.0,1318500000.0
JBBL,310.0,2.81,315.8,295.0,295.0,162070.0,/CompanyDetail.aspx?symbol=JBBL,Development Bank Limited,43957858.9,293.0,2024/01/08 03:00:00,357.00-249.10,300.1,291.93,-9.71,4.62,63.42,136.7,2.14,,#ValueFiscal Year1.1:1(FY: 072-073),,1:1(FY:072-073),83444.0,12879652657.7
JBBLPO,152.0,0.0,152.0,152.0,152.0,135004.0,/CompanyDetail.aspx?symbol=JBBLPO,Promotor Share,,152.0,2024/01/03 03:00:00,165.00-151.90,153.32,151.97,-5.0,0.0,0.0,0.0,152.0,5.60(FY:069-070),#ValueFiscal Year,9.00(FY:071-072),,55371.0,0.0
JBLB,1326.6,-0.3,1365.0,1323.2,1335.0,4201.0,/CompanyDetail.aspx?symbol=JBLB,Microfinance,13475189.88,1330.0,2024/01/08 03:00:00,"2,990.60-1,215.00",1415.94,1361.13,-53.9,35.77,37.18,262.29,5.07,,#ValueFiscal Year,,,5779.0,17922002540.4
JFL,376.9,3.12,380.0,361.1,364.0,22260.0,/CompanyDetail.aspx?symbol=JFL,Finance,6904728.0,357.0,2024/01/08 03:00:00,484.50-316.70,361.54,350.38,-22.39,0.25,1428.0,92.75,3.85,,#ValueFiscal Year,,,11961.0,2464987896.0
JOSHI,227.0,4.61,236.0,222.0,223.0,43397.0,/CompanyDetail.aspx?symbol=JOSHI,Hydro Power,3714000.0,227.0,2024/01/08 03:00:00,318.00-182.10,216.59,206.68,-5.77,-1.97,-115.23,66.18,3.43,,#ValueFiscal Year,,,23290.0,843078000.0
JSLBB,877.0,-1.14,890.0,860.0,876.1,1674.0,/CompanyDetail.aspx?symbol=JSLBB,Microfinance,1700919.0,859.0,2024/01/08 03:00:00,"1,750.00-785.00",911.54,870.76,-50.06,-29.86,-28.77,157.74,5.45,,#ValueFiscal Year1.1:1(FY: 075-076),,1:1(FY:075-076),1243.0,1461089421.0
KBL,157.1,1.29,162.0,154.3,154.3,114145.0,/CompanyDetail.aspx?symbol=KBL,Commercial Banks,262258613.4,157.0,2024/01/08 03:00:00,211.60-148.20,160.07,156.81,-17.37,4.03,38.96,141.33,1.11,,#ValueFiscal Year1.(FY: 073-074)2.2:1(FY: 072-073),6.00(FY:077-078),,148684.0,41174602303.8
KBLD89,1035.3,2.5,1035.3,1035.3,1035.3,7.0,/CompanyDetail.aspx?symbol=KBLD89,Corporate Debenture,3000000.0,1035.3,2024/01/08 03:00:00,"1,035.30-1,000.00",1015.8,1015.8,0.0,0.0,0.0,0.0,1035.3,,#ValueFiscal Year,,,280.0,3105900000.0
KBSH,886.1,1.49,927.0,886.1,908.9,2164.0,/CompanyDetail.aspx?symbol=KBSH,Hydro Power,1218675.0,891.1,2024/01/08 03:00:00,969.00-479.00,795.27,800.46,0.0,16.61,53.65,152.87,5.83,8.50(FY:078-079),#ValueFiscal Year,,,2091.0,1085961292.5
KDBY,8.66,0.11,9.0,8.6,8.83,105100.0,/CompanyDetail.aspx?symbol=KDBY,Mutual Fund,122507259.0,9.01,2024/01/08 03:00:00,10.43-7.24,8.28,7.95,-3.12,0.0,0.0,0.0,9.01,6.00(FY:079-080),#ValueFiscal Year,,,23021.0,1103790403.59
KDL,884.0,2.12,887.3,852.6,885.2,10347.0,/CompanyDetail.aspx?symbol=KDL,Hotels And Tourism,6000000.0,867.9,2024/01/08 03:00:00,"1,102.00-134.40",855.86,814.51,0.0,5.32,163.14,96.99,8.95,,#ValueFiscal Year,,,10228.0,5207400000.0
KEF,8.2,-1.42,8.51,8.03,8.19,162550.0,/CompanyDetail.aspx?symbol=KEF,Mutual Fund,100000000.0,8.35,2024/01/08 03:00:00,10.35-6.91,8.23,7.78,-3.69,0.0,0.0,0.0,8.35,10.00(FY:079-080),#ValueFiscal Year,,,32417.0,835000000.0
KKHC,222.0,3.29,224.6,220.0,220.0,19857.0,/CompanyDetail.aspx?symbol=KKHC,Hydro Power,4657143.0,220.0,2024/01/08 03:00:00,288.00-158.00,186.84,186.91,-12.66,15.47,14.22,89.33,2.46,,#ValueFiscal Year,,,15108.0,1024571460.0
KLBSL,761.0,0.61,790.5,761.0,790.0,1982.0,/CompanyDetail.aspx?symbol=KLBSL,Microfinance,5043664.67,775.0,2024/01/08 03:00:00,"1,054.10-539.00",747.76,714.97,-16.85,-33.4,-23.2,118.71,6.53,,#ValueFiscal Year,,,1449.0,3908840119.25
KMCDB,688.6,-0.48,688.6,625.3,637.9,2776.0,/CompanyDetail.aspx?symbol=KMCDB,Microfinance,3723217.39,626.0,2024/01/08 03:00:00,"1,120.00-526.00",631.38,610.46,-43.09,5.9,106.1,150.58,4.16,,#ValueFiscal Year,,,2632.0,2330734086.14
KPCL,410.0,9.92,440.6,410.0,440.6,22517.0,/CompanyDetail.aspx?symbol=KPCL,Hydro Power,8728500.0,432.0,2024/01/08 03:00:00,440.60-272.40,336.19,328.68,2.86,17.66,24.46,113.87,3.79,0.53(FY:079-080),#ValueFiscal Year,10.00(FY:079-080),,20873.0,3770712000.0
KRBL,361.9,1.86,361.9,322.7,322.7,138300.0,/CompanyDetail.aspx?symbol=KRBL,Development Bank Limited,5028300.0,329.0,2024/01/08 03:00:00,361.90-241.10,286.18,288.79,3.79,32.5,10.12,115.6,2.85,5.00(FY:072-073),#ValueFiscal Year1.1:2.25(FY: 073-074)2.2:1(FY: 071-072),8.00(FY:072-073),1:2.25(FY:073-074),37939.0,1654310700.0
KSBBL,349.9,4.43,355.0,330.0,335.0,157874.0,/CompanyDetail.aspx?symbol=KSBBL,Development Bank Limited,32811646.69,330.0,2024/01/08 03:00:00,381.00-275.00,316.94,310.46,-8.08,14.57,22.65,147.18,2.24,,#ValueFiscal Year1.(FY: 074-075),,,63399.0,10827843407.7
LBBL,404.0,1.59,410.0,386.1,388.0,62708.0,/CompanyDetail.aspx?symbol=LBBL,Development Bank Limited,35181341.42,384.0,2024/01/08 03:00:00,454.00-305.00,395.31,389.67,2.95,19.7,19.49,177.95,2.16,,#ValueFiscal Year1.10:1(FY: 073-074),,10:1(FY:073-074),47102.0,13509635105.28
LEC,184.0,2.17,191.5,184.0,185.3,253215.0,/CompanyDetail.aspx?symbol=LEC,Hydro Power,15000000.0,183.9,2024/01/08 03:00:00,318.00-138.00,185.38,158.24,-31.12,-31.52,-5.83,67.59,2.72,,#ValueFiscal Year,,,195835.0,2758500000.0
LEMF,8.97,0.0,8.97,8.8,8.8,12250.0,/CompanyDetail.aspx?symbol=LEMF,Mutual Fund,125000000.0,8.89,2024/01/08 03:00:00,10.00-7.87,8.67,8.56,3.25,0.0,0.0,0.0,0.0,8.00(FY:079-080),#ValueFiscal Year,,,32457.0,1111250000.0
LICN,1415.0,1.5,1440.0,1415.0,1420.1,6273.0,/CompanyDetail.aspx?symbol=LICN,Life Insurance,26532000.0,1420.0,2024/01/08 03:00:00,"1,800.00-1,238.00",1422.15,1390.21,-13.87,0.0,0.0,201.39,7.05,,#ValueFiscal Year,,,5490.0,37675440000.0
LLBS,750.0,-2.67,750.0,715.4,730.0,4763.0,/CompanyDetail.aspx?symbol=LLBS,Microfinance,4416621.0,730.0,2024/01/08 03:00:00,"1,357.00-580.00",715.47,690.77,-42.06,8.63,84.59,180.14,4.05,,#ValueFiscal Year1.(FY: 071-072),,,4026.0,3224133330.0
LSL,173.6,0.0,173.6,170.0,172.0,61217.0,/CompanyDetail.aspx?symbol=LSL,Commercial Banks,231871546.6,170.0,2024/01/08 03:00:00,208.00-168.90,184.52,184.57,0.0,1.78,95.51,166.63,1.02,,#ValueFiscal Year,,,135084.0,39418162922.0
LUK,8.5,2.05,8.5,8.35,8.35,161750.0,/CompanyDetail.aspx?symbol=LUK,Mutual Fund,65262360.0,8.47,2024/01/08 03:00:00,9.61-7.49,8.35,8.06,-0.47,0.0,0.0,0.0,0.0,9.50(FY:079-080),#ValueFiscal Year,,,46110.0,552772189.2
LVF2,8.4,1.8,8.4,8.21,8.33,3400.0,/CompanyDetail.aspx?symbol=LVF2,Mutual Fund,80000000.0,8.5,2024/01/08 03:00:00,10.00-7.09,7.79,7.79,0.0,0.0,0.0,0.0,8.5,,#ValueFiscal Year,,,4364.0,680000000.0
MAKAR,321.0,6.21,347.0,317.1,340.1,26567.0,/CompanyDetail.aspx?symbol=MAKAR,Hydro Power,7600000.0,333.5,2024/01/08 03:00:00,351.00-213.10,254.76,253.38,0.0,12.51,26.66,97.24,3.43,,#ValueFiscal Year,,,34852.0,2534600000.0
MANDU,736.0,-2.34,782.0,736.0,782.0,77066.0,/CompanyDetail.aspx?symbol=MANDU,Hydro Power,13636370.0,777.0,2024/01/08 03:00:00,805.80-373.20,537.12,537.12,0.0,37.33,20.81,146.55,5.3,10.00(FY:079-080),#ValueFiscal Year,,,48480.0,10595459490.0
MBJC,312.9,2.59,319.0,310.0,318.0,79576.0,/CompanyDetail.aspx?symbol=MBJC,Hydro Power,60000000.0,317.0,2024/01/08 03:00:00,363.00-246.00,278.99,275.62,10.84,-0.49,-646.94,93.32,3.4,,#ValueFiscal Year,,,46415.0,19020000000.0
MBL,197.8,2.08,199.5,195.4,197.0,45260.0,/CompanyDetail.aspx?symbol=MBL,Commercial Banks,116213572.73,196.0,2024/01/08 03:00:00,283.00-179.00,228.16,208.34,-22.83,18.66,10.5,142.77,1.37,,#ValueFiscal Year1.10:1.2(FY: 072-073)2.2:1(FY: 071-072)3.(FY: 070-071),,10:1.2(FY:072-073),73965.0,22777860255.08
MBLD2085,975.1,-0.99,975.2,975.1,975.2,50.0,/CompanyDetail.aspx?symbol=MBLD2085,Corporate Debenture,,980.2,2024/01/04 03:00:00,"1,116.00-900.10",1023.74,1012.21,-10.98,0.0,0.0,0.0,980.2,,#ValueFiscal Year,,,10021.0,0.0
MCHL,335.0,9.69,358.0,331.0,358.0,29105.0,/CompanyDetail.aspx?symbol=MCHL,Hydro Power,5425833.0,351.0,2024/01/08 03:00:00,358.00-165.20,240.33,258.09,0.0,-25.33,-13.86,91.79,3.82,,#ValueFiscal Year,,,36442.0,1904467383.0
MDB,411.0,1.3,429.0,392.1,392.1,30885.0,/CompanyDetail.aspx?symbol=MDB,Development Bank Limited,11114265.77,390.0,2024/01/08 03:00:00,441.00-350.30,402.32,402.29,-8.24,6.31,61.81,140.51,2.78,,#ValueFiscal Year1.2:1(FY: 071-072),,2:1(FY:071-072),14253.0,4334563650.3
MEHL,287.7,4.17,305.9,284.0,296.2,67801.0,/CompanyDetail.aspx?symbol=MEHL,Hydro Power,8000000.0,299.9,2024/01/08 03:00:00,315.70-175.00,227.97,227.97,0.0,-2.39,-125.48,78.05,3.84,,#ValueFiscal Year,,,64722.0,2399200000.0
MEL,236.0,10.0,254.0,228.0,237.8,334224.0,/CompanyDetail.aspx?symbol=MEL,Hydro Power,29000000.0,233.2,2024/01/08 03:00:00,275.40-149.00,183.64,178.76,0.0,-15.58,-14.97,71.55,3.26,,#ValueFiscal Year,,,127460.0,6762800000.0
MEN,637.0,-2.96,691.4,637.0,678.0,187419.0,/CompanyDetail.aspx?symbol=MEN,Hydro Power,19680270.0,666.0,2024/01/08 03:00:00,"1,092.00-429.90",791.36,706.08,-23.01,53.58,12.43,172.97,3.85,0.79(FY:079-080),#ValueFiscal Year,15.00(FY:079-080),,178920.0,13107059820.0
MERO,573.0,3.67,582.0,570.0,576.2,4732.0,/CompanyDetail.aspx?symbol=MERO,Microfinance,13200000.0,565.0,2024/01/08 03:00:00,845.00-463.30,552.42,529.17,-32.01,-18.95,-29.82,141.18,4.0,,#ValueFiscal Year1.(FY: 074-075),,,8699.0,7458000000.0
MFIL,534.8,3.32,543.0,531.0,539.4,37557.0,/CompanyDetail.aspx?symbol=MFIL,Finance,13515530.0,529.0,2024/01/08 03:00:00,587.00-410.00,521.73,519.1,8.18,24.5,21.59,158.15,3.34,,#ValueFiscal Year1.(FY: 073-074)2.1:1.75(FY: 073-074)3.(FY: 071-072),,,36684.0,7149715370.0
MFLD85,914.4,-1.91,914.4,914.4,914.4,10.0,/CompanyDetail.aspx?symbol=MFLD85,Corporate Debenture,500000.0,923.0,2024/01/03 03:00:00,"1,015.00-808.00",914.39,904.65,8.07,0.0,0.0,0.0,923.0,,#ValueFiscal Year,,,50.0,461500000.0
MHCL,450.0,4.02,452.0,420.0,420.0,73386.0,/CompanyDetail.aspx?symbol=MHCL,Hydro Power,8025000.0,428.5,2024/01/08 03:00:00,457.70-141.00,231.3,255.26,0.0,17.13,25.01,79.22,5.41,,#ValueFiscal Year,,,84662.0,3438712500.0
MHL,458.0,9.51,459.0,429.1,450.0,77705.0,/CompanyDetail.aspx?symbol=MHL,Hydro Power,6159686.53,447.0,2024/01/08 03:00:00,459.00-242.10,317.12,335.28,15.3,15.55,28.75,109.32,4.09,0.25(FY:079-080),#ValueFiscal Year,4.75(FY:079-080),,36742.0,2753379878.02
MHNL,237.0,4.03,254.3,237.0,249.9,58252.0,/CompanyDetail.aspx?symbol=MHNL,Hydro Power,12500000.0,245.0,2024/01/08 03:00:00,356.90-169.00,204.36,201.23,-25.3,5.09,48.13,65.72,3.73,,#ValueFiscal Year,,,32197.0,3062500000.0
MKCL,819.5,10.0,819.5,759.9,759.9,4511.0,/CompanyDetail.aspx?symbol=MKCL,Manufacturing And Processing,,745.0,2024/01/08 03:00:00,819.50-178.80,441.04,441.04,0.0,0.0,0.0,0.0,745.0,,#ValueFiscal Year1.1:0.55(FY: 079-080),,1:0.55(FY:079-080),2870.0,0.0
MKHC,287.5,7.12,306.0,279.3,290.9,81664.0,/CompanyDetail.aspx?symbol=MKHC,Hydro Power,10000000.0,286.0,2024/01/08 03:00:00,367.50-174.40,217.7,221.2,0.0,-20.08,-14.24,87.67,3.26,,#ValueFiscal Year,,,45344.0,2860000000.0
MKHL,375.0,6.82,391.0,365.0,369.0,92437.0,/CompanyDetail.aspx?symbol=MKHL,Hydro Power,3921568.0,362.0,2024/01/08 03:00:00,395.00-224.00,269.11,270.75,0.0,7.93,45.65,102.0,3.55,10.00(FY:078-079),#ValueFiscal Year,,,47437.0,1419607616.0
MKJC,453.0,2.84,461.0,429.0,450.0,16003.0,/CompanyDetail.aspx?symbol=MKJC,Hydro Power,3681430.0,441.2,2024/01/08 03:00:00,554.00-293.20,356.06,358.23,-9.68,14.43,30.58,106.08,4.16,,#ValueFiscal Year,,,7212.0,1624246916.0
MKLB,717.0,8.67,717.0,638.1,649.8,2738.0,/CompanyDetail.aspx?symbol=MKLB,Microfinance,1484784.1,663.0,2024/01/08 03:00:00,"1,050.00-526.20",650.4,608.46,-34.23,-38.39,-17.27,111.99,5.92,,#ValueFiscal Year,,,1358.0,984411858.3
MLBBL,780.0,1.17,820.0,770.1,782.0,1795.0,/CompanyDetail.aspx?symbol=MLBBL,Microfinance,1960027.6,779.0,2024/01/08 03:00:00,"1,249.00-657.00",793.28,745.45,-36.41,15.19,51.28,162.43,4.8,,#ValueFiscal Year1.(FY: 074-075)3.(FY: 070-071)2.2:1(FY: 071-072),,,2331.0,1526861500.4
MLBL,337.9,3.81,347.8,323.0,324.0,74061.0,/CompanyDetail.aspx?symbol=MLBL,Development Bank Limited,41713186.0,321.8,2024/01/08 03:00:00,388.90-281.00,318.27,313.52,-11.59,9.15,35.17,157.38,2.04,,#ValueFiscal Year,,,62020.0,13423303254.8
MLBS,721.4,-2.41,729.3,706.8,706.8,2358.0,/CompanyDetail.aspx?symbol=MLBS,Microfinance,1093750.0,693.0,2024/01/08 03:00:00,"1,256.00-570.10",682.15,659.53,-39.37,-41.26,-16.8,137.99,5.02,,#ValueFiscal Year,,,1345.0,757968750.0
MLBSL,1845.0,-1.33,1887.0,1825.0,1887.0,721.0,/CompanyDetail.aspx?symbol=MLBSL,Microfinance,2175625.0,1850.0,2024/01/08 03:00:00,"4,329.60-1,535.00",1821.19,1752.6,-54.33,20.01,92.45,217.7,8.5,,#ValueFiscal Year,,,895.0,4024906250.0
MMF1,7.37,0.27,7.6,7.3,7.3,30110.0,/CompanyDetail.aspx?symbol=MMF1,Mutual Fund,125000000.0,7.4,2024/01/08 03:00:00,8.65-6.65,7.24,7.21,-7.96,0.0,0.0,0.0,0.0,,#ValueFiscal Year,,,36125.0,925000000.0
MMFDB,568.0,-0.05,582.0,568.0,571.0,5326.0,/CompanyDetail.aspx?symbol=MMFDB,Microfinance,6533826.28,571.0,2024/01/08 03:00:00,885.00-481.30,602.51,569.65,-34.52,-24.47,-23.33,149.75,3.81,6.32(FY:079-080),#ValueFiscal Year1.2:1(FY: 074-075)2.(FY: 073-074)3.(FY: 072-073)4.1:0.25(FY: 072-073),,2:1(FY:074-075),5788.0,3730814805.88
MMKJL,377.0,2.6,408.9,375.6,394.0,16245.0,/CompanyDetail.aspx?symbol=MMKJL,Hydro Power,8715800.0,394.0,2024/01/08 03:00:00,408.90-225.00,310.44,310.44,0.0,-1.4,-281.43,94.41,4.17,,#ValueFiscal Year,,,24879.0,3434025200.0
MNBBL,387.0,0.27,397.8,362.8,362.8,66801.0,/CompanyDetail.aspx?symbol=MNBBL,Development Bank Limited,70469380.46,370.0,2024/01/08 03:00:00,455.00-362.80,393.35,387.17,-14.71,12.99,28.48,145.46,2.54,,#ValueFiscal Year1.(FY: 074-075)2.2:1(FY: 072-073)3.50(FY: 071-072),,,46220.0,26073670770.2
MNBBLP,209.0,0.0,209.0,209.0,209.0,94114.0,/CompanyDetail.aspx?symbol=MNBBLP,Promotor Share,,209.0,2023/12/18 02:59:00,237.00-209.00,209.0,209.0,-11.81,0.0,0.0,0.0,209.0,1.63(FY:071-072),#ValueFiscal Year,31.00(FY:071-072),,59704.0,0.0
MPFL,348.9,2.05,352.0,331.1,334.5,125472.0,/CompanyDetail.aspx?symbol=MPFL,Finance,6102000.0,328.0,2024/01/08 03:00:00,430.00-261.00,307.78,295.47,-11.83,4.31,76.1,110.69,2.96,,#ValueFiscal Year1.1:0.35(FY: 080-081)2.1:8.65(FY: 075-076),,1:0.35(FY:080-081),41973.0,2001456000.0
MSHL,521.8,1.76,550.0,495.0,520.0,30693.0,/CompanyDetail.aspx?symbol=MSHL,Hydro Power,7484000.0,510.0,2024/01/08 03:00:00,645.70-294.20,394.11,394.11,0.0,0.91,560.44,100.06,5.1,,#ValueFiscal Year,,,24224.0,3816840000.0
MSLB,825.0,-1.23,865.0,813.0,813.0,698.0,/CompanyDetail.aspx?symbol=MSLB,Microfinance,3223785.85,800.0,2024/01/08 03:00:00,"1,280.00-658.60",790.79,782.97,-35.01,19.28,41.49,192.4,4.16,,#ValueFiscal Year1.2:1(FY: 075-076),,2:1(FY:075-076),1070.0,2579028681.6
NABBC,419.8,-5.46,432.0,400.8,400.8,17253.0,/CompanyDetail.aspx?symbol=NABBC,Development Bank Limited,2624676.0,393.0,2024/01/08 03:00:00,500.00-342.10,382.86,372.09,-10.25,-18.53,-21.21,29.49,13.33,,#ValueFiscal Year1.1:1(FY: 078-079)2.(FY: 067-068),,1:1(FY:078-079),12118.0,1031497668.0
NABIL,490.0,-0.39,495.0,488.1,488.1,123332.0,/CompanyDetail.aspx?symbol=NABIL,Commercial Banks,270569970.0,488.1,2024/01/08 03:00:00,735.00-488.00,568.53,548.39,-32.11,21.72,22.47,218.27,2.24,,#ValueFiscal Year,,,88865.0,132065202357.0
NADEP,540.0,4.23,550.0,534.0,542.0,4204.0,/CompanyDetail.aspx?symbol=NADEP,Microfinance,4857600.0,542.0,2024/01/08 03:00:00,822.90-455.00,530.53,510.95,-33.08,0.44,1231.82,183.55,2.95,,#ValueFiscal Year,,,5870.0,2632819200.0
NBF2,8.35,3.93,8.63,8.15,8.63,17875.0,/CompanyDetail.aspx?symbol=NBF2,Mutual Fund,112000000.0,8.47,2024/01/08 03:00:00,9.55-7.03,8.33,8.16,-1.74,0.0,0.0,0.0,8.47,9.60(FY:079-080),#ValueFiscal Year,,,10057.0,948640000.0
NBF3,7.32,-1.2,7.57,7.17,7.29,132075.0,/CompanyDetail.aspx?symbol=NBF3,Mutual Fund,125000000.0,7.4,2024/01/08 03:00:00,8.25-6.74,7.21,7.17,-6.57,0.0,0.0,0.0,7.4,,#ValueFiscal Year,,,66834.0,925000000.0
NBL,236.0,0.0,239.7,234.0,239.7,110030.0,/CompanyDetail.aspx?symbol=NBL,Commercial Banks,146940229.3,235.0,2024/01/08 03:00:00,307.00-231.20,247.97,244.55,-20.34,3.88,60.57,248.46,0.95,10.00(FY:078-079),#ValueFiscal Year1.100:23.74(FY: 072-073)2.1:9.5157(FY: 071-072),2.00(FY:078-079),100:23.74(FY:072-073),89201.0,34530953885.5
NBLD85,882.0,1.58,882.0,882.0,882.0,50.0,/CompanyDetail.aspx?symbol=NBLD85,Corporate Debenture,3000000.0,899.0,2024/01/08 03:00:00,899.00-730.00,832.44,841.41,18.31,0.0,0.0,0.0,899.0,,#ValueFiscal Year,,,64.0,2697000000.0
NBLD87,860.0,0.0,860.0,850.1,851.1,150.0,/CompanyDetail.aspx?symbol=NBLD87,Corporate Debenture,3500000.0,850.0,2024/01/08 03:00:00,869.00-711.00,808.07,816.12,10.39,0.0,0.0,0.0,850.0,,#ValueFiscal Year,,,412.0,2975000000.0
NESDO,1719.9,1.74,1721.7,1660.0,1660.0,2444.0,/CompanyDetail.aspx?symbol=NESDO,Microfinance,2550000.0,1680.0,2024/01/08 03:00:00,"3,522.00-1,418.00",1760.95,1648.11,-49.26,41.84,40.15,381.43,4.4,,#ValueFiscal Year,,,1781.0,4284000000.0
NFS,331.0,3.61,335.4,316.1,320.0,68595.0,/CompanyDetail.aspx?symbol=NFS,Finance,7295020.0,316.0,2024/01/08 03:00:00,390.00-255.50,310.06,303.26,-5.95,-11.1,-28.47,133.26,2.37,1.16(FY:067-068),#ValueFiscal Year1.1:0.70(FY: 078-079)2.1:1.25(FY: 077-078),22.00(FY:067-068),1:0.70(FY:078-079),25551.0,2305226320.0
NGPL,238.9,1.73,246.7,235.0,238.0,247239.0,/CompanyDetail.aspx?symbol=NGPL,Hydro Power,18512792.23,235.0,2024/01/08 03:00:00,340.00-185.80,212.23,209.65,-24.19,5.28,44.51,109.32,2.15,0.25(FY:078-079),#ValueFiscal Year1.1:1.5(FY: 078-079)2.(FY: 072-073),4.75(FY:078-079),1:1.5(FY:078-079),109660.0,4350506174.05
NHDL,438.0,3.75,450.0,421.2,450.0,36626.0,/CompanyDetail.aspx?symbol=NHDL,Hydro Power,3594418.9,443.0,2024/01/08 03:00:00,452.60-303.00,353.88,349.36,12.41,17.84,24.83,117.28,3.78,0.37(FY:079-080),#ValueFiscal Year,7.00(FY:079-080),,25123.0,1592327572.7
NHPC,157.0,1.9,164.2,155.9,163.0,209717.0,/CompanyDetail.aspx?symbol=NHPC,Hydro Power,24671629.16,161.0,2024/01/08 03:00:00,286.20-126.00,150.17,144.72,-38.55,0.74,217.57,101.38,1.59,,#ValueFiscal Year1.10:5(FY: 079-080),,10:5(FY:079-080),214132.0,3972132294.76
NIBLGF,8.11,0.12,8.26,7.97,7.97,204825.0,/CompanyDetail.aspx?symbol=NIBLGF,Mutual Fund,132000000.0,8.12,2024/01/08 03:00:00,10.64-7.19,7.99,7.83,0.0,0.0,0.0,0.0,8.12,,#ValueFiscal Year,,,40495.0,1071840000.0
NIBSF2,7.44,0.55,7.48,7.2,7.48,7820.0,/CompanyDetail.aspx?symbol=NIBSF2,Mutual Fund,150000000.0,7.34,2024/01/08 03:00:00,9.49-6.60,7.22,7.12,-8.48,0.0,0.0,0.0,7.34,,#ValueFiscal Year,,,24255.0,1101000000.0
NICA,507.0,1.0,514.0,506.0,514.0,69070.0,/CompanyDetail.aspx?symbol=NICA,Commercial Banks,149175669.2,504.0,2024/01/08 03:00:00,861.90-490.10,650.17,569.81,-37.31,27.09,18.6,202.05,2.49,,#ValueFiscal Year1.(FY: 072-073),,,72203.0,75184537276.8
NICAD8283,1035.0,0.0,1035.0,1030.0,1030.0,100.0,/CompanyDetail.aspx?symbol=NICAD8283,Corporate Debenture,,1036.0,2024/01/07 03:00:00,"1,170.00-927.50",1052.3,1038.36,5.93,0.0,0.0,0.0,1036.0,,#ValueFiscal Year,,,3169.0,0.0
NICBF,8.85,0.0,9.0,8.82,9.0,4800.0,/CompanyDetail.aspx?symbol=NICBF,Mutual Fund,75500000.0,8.9,2024/01/08 03:00:00,10.31-7.99,9.0,8.86,-3.99,0.0,0.0,0.0,0.0,10.00(FY:079-080),#ValueFiscal Year,,,37301.0,671950000.0
NICFC,9.05,0.0,9.05,9.02,9.02,14100.0,/CompanyDetail.aspx?symbol=NICFC,Mutual Fund,102000000.0,9.2,2024/01/08 03:00:00,10.17-7.45,8.27,8.12,6.11,0.0,0.0,0.0,9.2,,#ValueFiscal Year,,,32881.0,938400000.0
NICGF,9.2,0.0,9.25,9.15,9.15,5750.0,/CompanyDetail.aspx?symbol=NICGF,Mutual Fund,83520000.0,9.25,2024/01/08 03:00:00,10.62-8.30,9.76,9.54,-5.61,0.0,0.0,0.0,0.0,10.50(FY:079-080),#ValueFiscal Year,,,36603.0,772560000.0
NICL,938.1,0.67,964.0,936.0,949.0,51693.0,/CompanyDetail.aspx?symbol=NICL,Non-Life Insurance,16442419.4,942.3,2024/01/08 03:00:00,"1,023.00-468.00",795.73,805.1,77.12,35.56,26.5,189.02,4.99,,#ValueFiscal Year1.1:0.65(FY: 075-076)2.1:1(FY: 074-075)3.1:1(FY: 070-071),,1:0.65(FY:075-076),79213.0,15493691800.62
NICLBSL,623.0,1.31,628.0,610.5,615.0,10637.0,/CompanyDetail.aspx?symbol=NICLBSL,Microfinance,17394400.0,618.0,2024/01/08 03:00:00,878.00-516.00,643.51,621.16,-27.46,10.31,59.94,179.09,3.45,,#ValueFiscal Year,,,14173.0,10749739200.0
NICSF,8.95,0.78,9.11,8.83,9.0,10250.0,/CompanyDetail.aspx?symbol=NICSF,Mutual Fund,125000000.0,9.0,2024/01/08 03:00:00,9.49-7.40,8.37,8.3,6.01,0.0,0.0,0.0,0.0,,#ValueFiscal Year,,,59876.0,1125000000.0
NIFRA,231.5,5.11,234.6,220.0,220.0,851050.0,/CompanyDetail.aspx?symbol=NIFRA,Investment,216000000.0,224.4,2024/01/08 03:00:00,261.00-180.20,202.14,197.16,-7.2,7.66,29.3,112.02,2.0,,#ValueFiscal Year,8.00(FY:077-078),,269664.0,48470400000.0
NIL,840.0,0.65,850.0,830.0,830.0,16107.0,/CompanyDetail.aspx?symbol=NIL,Non-Life Insurance,20123606.19,825.5,2024/01/08 03:00:00,946.00-706.10,841.52,829.84,-10.95,17.5,47.17,211.71,3.9,,#ValueFiscal Year1.(FY: 073-074)2.1:1(FY: 073-074),,1:1(FY:073-074),15054.0,16612036906.54
NIMB,174.8,0.12,178.0,173.1,175.5,74183.0,/CompanyDetail.aspx?symbol=NIMB,Commercial Banks,341285950.0,172.6,2024/01/08 03:00:00,232.20-168.00,179.67,177.28,0.0,17.84,9.67,173.37,1.0,,#ValueFiscal Year,,,98933.0,58905954970.0
NIMBPO,144.8,0.0,144.8,141.0,142.0,116851.0,/CompanyDetail.aspx?symbol=NIMBPO,Promotor Share,,142.0,2024/01/08 03:00:00,189.30-107.10,148.78,146.12,0.0,0.0,0.0,0.0,142.0,,#ValueFiscal Year,,,27426.0,0.0
NLBBL,572.0,3.62,581.0,571.0,574.0,6027.0,/CompanyDetail.aspx?symbol=NLBBL,Microfinance,7320000.0,570.0,2024/01/08 03:00:00,"1,053.00-480.00",589.54,558.8,-45.24,10.41,54.76,180.79,3.15,,#ValueFiscal Year1.(FY: 072-073),,,8951.0,4172400000.0
NLG,874.0,1.02,884.0,850.0,860.0,29091.0,/CompanyDetail.aspx?symbol=NLG,Non-Life Insurance,14592757.9,860.0,2024/01/08 03:00:00,940.00-560.70,784.0,771.72,18.13,14.11,60.95,203.04,4.24,,#ValueFiscal Year1.(FY: 075-076)2.(FY: 068-069),,,26916.0,12549771794.0
NLIC,670.0,2.68,671.0,662.0,665.0,46929.0,/CompanyDetail.aspx?symbol=NLIC,Life Insurance,82079665.5,652.0,2024/01/08 03:00:00,820.00-625.10,683.12,665.08,-17.05,0.0,0.0,110.54,5.9,,#ValueFiscal Year,,,63017.0,53515941906.0
NLICL,603.0,4.02,623.0,597.0,615.0,26037.0,/CompanyDetail.aspx?symbol=NLICL,Life Insurance,50116664.25,604.9,2024/01/08 03:00:00,705.00-525.10,587.24,574.12,-11.3,0.0,0.0,108.14,5.59,,#ValueFiscal Year1.10:6(FY: 074-075),,10:6(FY:074-075),30415.0,30315570204.83
NMB,196.6,0.82,200.9,196.1,200.9,56073.0,/CompanyDetail.aspx?symbol=NMB,Commercial Banks,183667060.0,197.1,2024/01/08 03:00:00,268.20-192.50,215.8,207.99,-20.84,20.98,9.39,159.69,1.23,8.25(FY:078-079),#ValueFiscal Year,12.50(FY:077-078),,61830.0,36200777526.0
NMB50,9.7,2.26,10.0,9.26,9.31,102900.0,/CompanyDetail.aspx?symbol=NMB50,Mutual Fund,125000000.0,9.5,2024/01/08 03:00:00,11.50-8.66,10.0,9.64,-5.09,0.0,0.0,0.0,0.0,15.00(FY:079-080),#ValueFiscal Year,,,42518.0,1187500000.0
NMBD2085,982.0,0.4,982.0,982.0,982.0,50.0,/CompanyDetail.aspx?symbol=NMBD2085,Corporate Debenture,,998.0,2024/01/01 03:00:00,"1,001.00-878.00",977.82,975.59,9.5,0.0,0.0,0.0,998.0,,#ValueFiscal Year,,,219.0,0.0
NMBMF,535.0,1.94,544.0,528.0,530.0,3293.0,/CompanyDetail.aspx?symbol=NMBMF,Microfinance,7214491.49,525.0,2024/01/08 03:00:00,829.90-463.60,533.6,509.13,-35.19,-26.25,-20.0,133.1,3.94,,#ValueFiscal Year1.1:1.5(FY: 075-076)2.(FY: 072-073),,1:1.5(FY:075-076),4563.0,3787608032.25
NMFBS,1115.0,1.85,1122.0,1061.0,1079.0,3669.0,/CompanyDetail.aspx?symbol=NMFBS,Microfinance,10842060.0,1100.0,2024/01/08 03:00:00,"2,420.00-901.00",1049.69,1031.74,-50.0,20.31,54.16,208.97,5.26,5.00(FY:077-078),#ValueFiscal Year,,,3948.0,11926266000.0
NRIC,678.4,4.42,695.0,677.2,683.0,54521.0,/CompanyDetail.aspx?symbol=NRIC,Others,128135437.5,682.9,2024/01/08 03:00:00,927.00-585.00,679.85,650.53,-22.57,6.2,110.15,142.06,4.81,,#ValueFiscal Year,,,57547.0,87503690268.75
NRM,404.3,0.29,430.0,402.1,425.3,166783.0,/CompanyDetail.aspx?symbol=NRM,Others,9675000.0,417.0,2024/01/08 03:00:00,492.50-205.90,273.3,275.09,0.0,-5.07,-82.25,87.12,4.79,,#ValueFiscal Year,,,174984.0,4034475000.0
NRN,547.9,8.06,578.9,543.1,570.0,179312.0,/CompanyDetail.aspx?symbol=NRN,Investment,12232117.0,563.0,2024/01/08 03:00:00,580.00-280.60,432.35,406.67,13.74,2.9,194.14,122.64,4.59,,#ValueFiscal Year,,,170568.0,6886681871.0
NSIF2,9.02,0.55,9.39,9.0,9.1,5600.0,/CompanyDetail.aspx?symbol=NSIF2,Mutual Fund,122100000.0,9.1,2024/01/08 03:00:00,10.00-7.31,8.93,8.78,0.0,0.0,0.0,0.0,9.1,,#ValueFiscal Year,,,7949.0,1111110000.0
NTC,895.0,1.26,908.0,893.0,900.0,76532.0,/CompanyDetail.aspx?symbol=NTC,Others,180000000.0,884.0,2024/01/08 03:00:00,"1,000.00-758.00",875.86,871.61,-1.23,45.05,19.62,534.08,1.66,,#ValueFiscal Year,20.00(FY:077-078),,55277.0,159120000000.0
NUBL,648.0,1.61,653.0,633.0,633.2,22345.0,/CompanyDetail.aspx?symbol=NUBL,Microfinance,26120797.5,633.0,2024/01/08 03:00:00,"1,095.00-512.10",626.2,603.55,-40.62,-21.9,-28.9,166.67,3.8,,#ValueFiscal Year,,,18260.0,16534464817.5
NWCL,594.6,9.99,594.6,551.2,551.2,2170.0,/CompanyDetail.aspx?symbol=NWCL,Others,,540.6,2024/01/08 03:00:00,594.60-208.80,386.4,386.4,0.0,0.0,0.0,0.0,540.6,,#ValueFiscal Year,,,2067.0,0.0
NYADI,292.0,5.87,310.9,289.1,310.9,65992.0,/CompanyDetail.aspx?symbol=NYADI,Hydro Power,15000000.0,304.9,2024/01/08 03:00:00,372.30-176.40,227.98,219.68,-12.64,-9.0,-33.88,72.27,4.22,,#ValueFiscal Year,,,21719.0,4573500000.0
OHL,813.0,0.89,823.9,780.0,794.0,9422.0,/CompanyDetail.aspx?symbol=OHL,Hotels And Tourism,11280904.4,794.0,2024/01/08 03:00:00,885.00-499.00,759.18,746.35,40.31,4.5,176.44,338.96,2.34,5.26(FY:079-080),#ValueFiscal Year,5.00(FY:075-076),,14207.0,8957038093.6
PBD85,860.0,-1.71,860.0,856.2,856.2,30.0,/CompanyDetail.aspx?symbol=PBD85,Corporate Debenture,2447963.0,862.0,2024/01/04 03:00:00,877.00-759.00,827.85,831.4,7.08,0.0,0.0,0.0,862.0,,#ValueFiscal Year,,,50.0,2110144106.0
PBD88,974.0,-2.0,974.0,965.0,965.0,50.0,/CompanyDetail.aspx?symbol=PBD88,Corporate Debenture,1741884.0,980.0,2024/01/08 03:00:00,"1,013.00-790.10",919.77,931.4,14.62,0.0,0.0,0.0,980.0,,#ValueFiscal Year,,,1176.0,1707046320.0
PBLD84,989.4,-1.42,989.4,970.0,970.0,170.0,/CompanyDetail.aspx?symbol=PBLD84,Corporate Debenture,,971.0,2024/01/04 03:00:00,"1,090.80-851.00",997.82,989.98,9.47,0.0,0.0,0.0,971.0,,#ValueFiscal Year,,,10188.0,0.0
PCBL,201.2,2.41,203.8,197.1,201.0,91050.0,/CompanyDetail.aspx?symbol=PCBL,Commercial Banks,194025757.16,199.9,2024/01/08 03:00:00,247.00-176.00,190.54,189.38,-12.71,23.74,8.42,152.06,1.31,,#ValueFiscal Year,,,101710.0,38785748856.28
PCBLP,144.0,0.0,144.1,144.0,144.1,43133.0,/CompanyDetail.aspx?symbol=PCBLP,Promotor Share,,144.1,2023/12/11 03:00:00,147.00-144.00,145.78,144.91,-1.97,0.0,0.0,0.0,144.1,0.95(FY:071-072),#ValueFiscal Year,18.00(FY:071-072),,61669.0,0.0
PFL,387.0,2.78,389.0,373.1,374.5,31042.0,/CompanyDetail.aspx?symbol=PFL,Finance,10825566.05,370.0,2024/01/08 03:00:00,453.60-320.20,356.25,347.57,-12.94,-20.75,-17.83,138.74,2.67,,#ValueFiscal Year1.1:0.15(FY: 074-075)2.(FY: 071-072),,1:0.15(FY:074-075),15629.0,4005459438.5
PHCL,320.0,7.37,341.7,319.0,328.3,100603.0,/CompanyDetail.aspx?symbol=PHCL,Hydro Power,32000000.0,335.0,2024/01/08 03:00:00,416.10-216.00,272.92,263.81,20.03,-4.51,-74.28,96.22,3.48,,#ValueFiscal Year,,,60315.0,10720000000.0
PMHPL,236.0,0.08,249.6,234.0,244.8,29876.0,/CompanyDetail.aspx?symbol=PMHPL,Hydro Power,11000000.0,240.0,2024/01/08 03:00:00,288.20-151.50,188.94,191.61,-8.4,23.49,10.22,88.97,2.7,,#ValueFiscal Year,,,32230.0,2640000000.0
PMLI,569.0,3.82,596.0,565.0,580.0,16183.0,/CompanyDetail.aspx?symbol=PMLI,Life Insurance,42960000.0,578.3,2024/01/08 03:00:00,647.80-542.00,588.74,588.74,0.0,0.0,0.0,116.29,4.97,,#ValueFiscal Year,,,34819.0,24843768000.0
PPCL,257.8,3.03,261.8,242.0,242.6,108321.0,/CompanyDetail.aspx?symbol=PPCL,Hydro Power,9625000.0,238.0,2024/01/08 03:00:00,389.30-196.00,233.01,223.35,-34.79,-22.8,-10.44,104.96,2.27,,#ValueFiscal Year,,,33390.0,2290750000.0
PPL,290.0,2.89,296.0,280.3,285.0,53001.0,/CompanyDetail.aspx?symbol=PPL,Hydro Power,6326000.0,285.0,2024/01/08 03:00:00,336.00-198.10,238.2,234.94,-5.0,6.68,42.66,97.12,2.93,,#ValueFiscal Year,,,32060.0,1802910000.0
PRIN,869.0,0.7,897.0,861.0,861.0,70720.0,/CompanyDetail.aspx?symbol=PRIN,Non-Life Insurance,13761222.6,857.9,2024/01/08 03:00:00,897.00-435.00,705.54,709.01,35.96,15.01,57.16,201.88,4.25,,#ValueFiscal Year1.1:0.46(FY: 074-075)2.(FY: 072-073),,1:0.46(FY:074-075),62388.0,11805752868.54
PROFL,336.0,2.96,337.0,317.0,318.9,108681.0,/CompanyDetail.aspx?symbol=PROFL,Finance,8481060.0,313.0,2024/01/08 03:00:00,465.00-269.10,319.64,301.2,-16.53,-28.86,-10.85,66.1,4.74,,#ValueFiscal Year1.1:2.81(FY: 074-075)2.(FY: 071-072),,1:2.81(FY:074-075),53972.0,2654571780.0
PRSF,8.7,-3.71,8.7,8.56,8.56,2800.0,/CompanyDetail.aspx?symbol=PRSF,Mutual Fund,100000000.0,8.56,2024/01/08 03:00:00,10.06-7.45,8.14,8.07,0.0,0.0,0.0,0.0,8.56,,#ValueFiscal Year,,,67831.0,856000000.0
PRVU,162.0,0.94,163.5,161.1,163.0,86246.0,/CompanyDetail.aspx?symbol=PRVU,Commercial Banks,235424900.0,161.6,2024/01/08 03:00:00,228.00-152.30,163.51,160.4,-22.31,17.57,9.2,147.82,1.09,,#ValueFiscal Year1.10:4(FY: 072-073)2.(FY: 071-072),,10:4(FY:072-073),134266.0,38044663840.0
PSF,8.4,2.81,8.58,8.4,8.4,17020.0,/CompanyDetail.aspx?symbol=PSF,Mutual Fund,125000000.0,8.42,2024/01/08 03:00:00,9.83-7.15,8.34,8.05,-6.13,0.0,0.0,0.0,0.0,9.50(FY:079-080),#ValueFiscal Year,,,42287.0,1052500000.0
RADHI,242.2,0.37,249.1,241.1,247.0,92315.0,/CompanyDetail.aspx?symbol=RADHI,Hydro Power,17555888.51,244.0,2024/01/08 03:00:00,306.00-200.60,220.32,220.47,-12.73,7.42,32.88,120.3,2.03,0.25(FY:079-080),#ValueFiscal Year1.1:1.4752(FY: 079-080),4.75(FY:079-080),1:1.4752(FY:079-080),84095.0,4283636796.44
RAWA,459.0,4.95,477.9,435.0,435.0,41854.0,/CompanyDetail.aspx?symbol=RAWA,Hydro Power,2800000.0,442.9,2024/01/08 03:00:00,477.90-249.30,360.99,369.23,0.0,-1.19,-372.18,120.69,3.67,,#ValueFiscal Year,,,17639.0,1240120000.0
RBCL,14210.0,1.04,14433.0,14200.0,14433.0,231.0,/CompanyDetail.aspx?symbol=RBCL,Non-Life Insurance,2666390.6,14150.0,2024/01/08 03:00:00,"17,140.00-12,200.00",14430.58,13890.13,-3.1,206.52,68.52,5621.51,2.52,6.00(FY:062-063),#ValueFiscal Year,114.27(FY:062-063),,421.0,37729426990.0
RBCLPO,11521.0,1.1,11980.0,11521.0,11980.0,90.0,/CompanyDetail.aspx?symbol=RBCLPO,Promotor Share,,11745.3,2024/01/08 03:00:00,"15,909.90-10,045.00",12458.4,11578.72,0.09,0.0,0.0,0.0,11745.3,,#ValueFiscal Year,,,566.0,0.0
RFPL,282.0,1.47,291.0,275.0,275.0,69602.0,/CompanyDetail.aspx?symbol=RFPL,Hydro Power,7000000.0,277.0,2024/01/08 03:00:00,325.00-193.80,229.29,226.2,-5.46,-1.53,-181.05,91.21,3.04,,#ValueFiscal Year,,,35405.0,1939000000.0
RHGCL,270.0,5.31,296.7,267.1,275.0,31645.0,/CompanyDetail.aspx?symbol=RHGCL,Hydro Power,6127938.0,275.9,2024/01/08 03:00:00,406.00-184.50,223.13,222.46,0.36,-12.65,-21.81,99.6,2.77,,#ValueFiscal Year1.100:33.16(FY: 074-075),,100:33.16(FY:074-075),29857.0,1690698094.2
RHPL,298.0,3.48,304.9,292.0,302.9,87062.0,/CompanyDetail.aspx?symbol=RHPL,Hydro Power,68421000.0,297.0,2024/01/08 03:00:00,371.00-239.00,272.21,264.57,-4.35,-0.9,-330.0,94.87,3.13,,#ValueFiscal Year,,,46380.0,20321037000.0
RIDI,225.5,1.09,236.6,224.5,236.6,129217.0,/CompanyDetail.aspx?symbol=RIDI,Hydro Power,16158094.3,232.0,2024/01/08 03:00:00,619.00-176.60,209.03,200.91,-61.33,-11.76,-19.73,98.14,2.36,,#ValueFiscal Year,,,77062.0,3748677877.6
RLFL,375.0,4.84,390.9,368.6,375.0,89493.0,/CompanyDetail.aspx?symbol=RLFL,Finance,11214520.0,368.0,2024/01/08 03:00:00,404.00-268.00,333.77,329.44,-0.81,19.24,19.13,106.97,3.44,,#ValueFiscal Year1.10:4.5(FY: 073-074)2.(FY: 072-073),,10:4.5(FY:073-074),48846.0,4126943360.0
RMF1,7.82,-1.28,7.82,7.61,7.7,77225.0,/CompanyDetail.aspx?symbol=RMF1,Mutual Fund,125000000.0,7.7,2024/01/08 03:00:00,8.47-6.82,7.4,7.33,-3.14,0.0,0.0,0.0,0.0,,#ValueFiscal Year,,,44972.0,962500000.0
RMF2,8.5,3.39,8.5,8.5,8.5,1400.0,/CompanyDetail.aspx?symbol=RMF2,Mutual Fund,84611929.0,8.53,2024/01/08 03:00:00,10.64-7.23,8.07,7.74,0.0,0.0,0.0,0.0,8.53,,#ValueFiscal Year,,,1634.0,721739754.37
RNLI,558.0,3.93,570.1,555.0,558.0,215326.0,/CompanyDetail.aspx?symbol=RNLI,Life Insurance,40000000.0,556.0,2024/01/08 03:00:00,605.00-390.00,478.34,478.34,0.0,0.0,0.0,172.64,3.22,,#ValueFiscal Year,,,212130.0,22240000000.0
RSDC,558.9,3.77,569.0,551.0,560.0,8327.0,/CompanyDetail.aspx?symbol=RSDC,Microfinance,9443510.65,550.0,2024/01/08 03:00:00,693.00-461.00,558.12,547.49,-18.52,17.27,31.85,124.8,4.41,,#ValueFiscal Year1.(FY: 073-074)2.5:3(FY: 073-074)3.1:2(FY: 072-073),,,7267.0,5193930857.5
RURU,749.9,0.69,750.2,720.0,720.0,2897.0,/CompanyDetail.aspx?symbol=RURU,Hydro Power,4933236.55,725.0,2024/01/08 03:00:00,875.00-674.30,749.2,733.7,-15.5,29.53,24.55,140.04,5.18,10.53(FY:079-080),#ValueFiscal Year,10.00(FY:078-079),,1082.0,3576596498.75
SABSL,611.0,-0.15,630.0,606.0,606.0,506.0,/CompanyDetail.aspx?symbol=SABSL,Microfinance,3186000.0,605.1,2024/01/08 03:00:00,"1,083.00-522.60",618.12,591.6,-42.15,1.86,325.32,133.41,4.54,,#ValueFiscal Year,,,1351.0,1927848600.0
SADBL,322.0,1.32,326.4,309.0,309.0,52097.0,/CompanyDetail.aspx?symbol=SADBL,Development Bank Limited,34309713.06,306.0,2024/01/08 03:00:00,367.20-263.50,304.05,297.48,-13.31,5.43,56.35,135.03,2.27,,#ValueFiscal Year1.(FY: 074-075)2.(FY: 073-074)3.(FY: 071-072),,,30097.0,10498772196.36
SAEF,9.98,-1.9,9.99,9.61,9.61,49450.0,/CompanyDetail.aspx?symbol=SAEF,Mutual Fund,130000000.0,9.8,2024/01/08 03:00:00,12.30-8.85,10.35,9.85,-10.01,0.0,0.0,0.0,9.8,18.00(FY:079-080),#ValueFiscal Year,,,100712.0,1274000000.0
SAGF,9.0,0.56,9.0,9.0,9.0,11195.0,/CompanyDetail.aspx?symbol=SAGF,Mutual Fund,67253260.0,9.0,2024/01/08 03:00:00,10.00-7.20,8.13,8.06,0.0,0.0,0.0,0.0,9.0,,#ValueFiscal Year,,,9853.0,605279340.0
SAHAS,547.0,2.83,558.9,545.0,555.9,109783.0,/CompanyDetail.aspx?symbol=SAHAS,Hydro Power,35000000.0,545.0,2024/01/08 03:00:00,616.00-402.80,454.82,454.67,-7.66,39.41,13.83,171.56,3.18,,#ValueFiscal Year,,,50736.0,19075000000.0
SALICO,710.0,-0.71,727.0,703.2,716.9,17137.0,/CompanyDetail.aspx?symbol=SALICO,Non-Life Insurance,26226382.0,703.0,2024/01/08 03:00:00,805.00-551.40,704.39,691.98,0.0,8.7,80.8,222.5,3.16,,#ValueFiscal Year,,,20246.0,18437146546.0
SAMAJ,259.8,9.97,259.8,259.8,259.8,10.0,/CompanyDetail.aspx?symbol=SAMAJ,Microfinance,228500.0,254.8,2024/01/08 03:00:00,259.80-64.80,112.82,129.16,0.0,-59.13,-4.31,174.97,1.46,0.75(FY:078-079),#ValueFiscal Year,14.25(FY:078-079),,34.0,58221800.0
SANIMA,249.0,0.29,250.0,245.2,245.4,40261.0,/CompanyDetail.aspx?symbol=SANIMA,Commercial Banks,135815254.2,244.9,2024/01/08 03:00:00,310.00-225.50,268.21,254.18,-4.71,14.22,17.22,153.96,1.59,,#ValueFiscal Year1.2:1(FY: 071-072),,2:1(FY:071-072),47186.0,33261155753.58
SAPDBL,268.4,1.67,268.4,242.5,247.0,66058.0,/CompanyDetail.aspx?symbol=SAPDBL,Development Bank Limited,8343384.32,244.0,2024/01/08 03:00:00,305.00-211.70,240.36,235.44,-11.27,-57.16,-4.27,55.0,4.44,5.04(FY:074-075),#ValueFiscal Year1.1:1.3(FY: 072-073)2.1:1.15(FY: 071-072),3.00(FY:074-075),1:1.3(FY:072-073),16625.0,2035785774.08
SBCF,7.69,-2.12,8.0,7.69,7.99,21750.0,/CompanyDetail.aspx?symbol=SBCF,Mutual Fund,125000000.0,7.84,2024/01/08 03:00:00,9.68-6.90,7.61,7.58,-3.21,0.0,0.0,0.0,7.84,,#ValueFiscal Year,,,36608.0,980000000.0
SBI,298.0,1.7,308.0,295.3,299.1,26555.0,/CompanyDetail.aspx?symbol=SBI,Commercial Banks,105001522.9,299.0,2024/01/08 03:00:00,378.40-282.00,321.11,309.86,-4.17,18.25,16.38,179.7,1.66,,#ValueFiscal Year1.(FY: 072-073),,,31364.0,31395455347.1
SBID83,1020.0,3.5,1020.0,1020.0,1020.0,40.0,/CompanyDetail.aspx?symbol=SBID83,Corporate Debenture,,1035.0,2024/01/08 03:00:00,"1,035.00-851.00",957.92,965.15,13.74,0.0,0.0,0.0,1035.0,,#ValueFiscal Year,,,142.0,0.0
SBL,248.0,0.2,249.0,245.1,246.0,24958.0,/CompanyDetail.aspx?symbol=SBL,Commercial Banks,140899801.9,245.0,2024/01/08 03:00:00,329.00-223.00,252.54,246.57,-21.45,1.22,200.82,177.66,1.38,,#ValueFiscal Year1.(FY: 073-074)2.10:3(FY: 072-073),,,52304.0,34520451465.5
SBLD2082,1005.2,-1.98,1005.2,1005.2,1005.2,25.0,/CompanyDetail.aspx?symbol=SBLD2082,Corporate Debenture,,1008.6,2024/01/04 03:00:00,"1,081.00-920.00",1027.48,1012.07,6.17,0.0,0.0,0.0,1008.6,,#ValueFiscal Year,,,5061.0,0.0
SCB,519.0,1.18,522.0,512.1,512.1,12972.0,/CompanyDetail.aspx?symbol=SCB,Commercial Banks,94294540.0,514.0,2024/01/08 03:00:00,582.00-447.00,538.16,527.89,8.21,35.11,14.64,221.99,2.32,,#ValueFiscal Year,10.00(FY:077-078),,25087.0,48467393560.0
SDLBSL,611.4,-0.33,628.0,607.0,610.0,2318.0,/CompanyDetail.aspx?symbol=SDLBSL,Microfinance,3822583.45,604.0,2024/01/08 03:00:00,985.00-519.20,613.43,583.37,-38.37,7.06,85.55,138.15,4.37,,#ValueFiscal Year1.1:1(FY: 074-075),,1:1(FY:074-075),2031.0,2308840403.8
SEF,8.05,-1.89,8.16,8.05,8.16,7600.0,/CompanyDetail.aspx?symbol=SEF,Mutual Fund,150000000.0,8.32,2024/01/08 03:00:00,9.43-7.16,8.25,8.02,-4.59,0.0,0.0,0.0,0.0,5.00(FY:079-080),#ValueFiscal Year,,,39667.0,1248000000.0
SFCL,314.0,3.26,320.0,294.0,301.0,80513.0,/CompanyDetail.aspx?symbol=SFCL,Finance,8189110.0,297.5,2024/01/08 03:00:00,375.00-246.20,283.64,278.36,-10.66,-4.83,-61.59,74.72,3.98,,#ValueFiscal Year1.2:1(FY: 078-079)2.1:2(FY: 077-078)3.(FY: 068-069),,2:1(FY:078-079),32188.0,2436260225.0
SFEF,8.64,-0.57,8.64,8.64,8.64,13190.0,/CompanyDetail.aspx?symbol=SFEF,Mutual Fund,100000000.0,8.65,2024/01/08 03:00:00,10.00-7.35,8.07,7.96,0.0,0.0,0.0,0.0,8.65,,#ValueFiscal Year,,,11846.0,865000000.0
SFMF,9.69,-2.27,9.69,9.41,9.42,36467.0,/CompanyDetail.aspx?symbol=SFMF,Mutual Fund,86000000.0,9.47,2024/01/08 03:00:00,11.67-8.80,10.2,9.64,-7.16,0.0,0.0,0.0,9.47,16.00(FY:079-080),#ValueFiscal Year,,,34447.0,814420000.0
SGHC,299.9,2.19,316.0,298.1,304.0,43068.0,/CompanyDetail.aspx?symbol=SGHC,Hydro Power,15930000.0,303.5,2024/01/08 03:00:00,411.60-205.10,241.61,241.49,-18.48,6.55,46.34,84.15,3.61,,#ValueFiscal Year,,,23633.0,4834755000.0
SGIC,563.9,5.05,576.0,551.5,573.0,99109.0,/CompanyDetail.aspx?symbol=SGIC,Non-Life Insurance,20000000.0,562.0,2024/01/08 03:00:00,710.90-374.80,544.51,508.83,0.0,5.44,103.31,130.84,4.3,,#ValueFiscal Year,,,111314.0,11240000000.0
SHEL,251.0,10.0,269.9,250.0,250.0,126175.0,/CompanyDetail.aspx?symbol=SHEL,Hydro Power,43500000.0,245.4,2024/01/08 03:00:00,403.90-193.20,245.92,238.81,-21.72,4.86,50.49,96.76,2.54,,#ValueFiscal Year,,,29626.0,10674900000.0
SHINE,410.9,3.56,426.0,394.0,397.0,174747.0,/CompanyDetail.aspx?symbol=SHINE,Development Bank Limited,47336909.47,395.5,2024/01/08 03:00:00,435.00-300.20,380.31,377.59,13.0,16.19,24.43,143.56,2.75,,#ValueFiscal Year1.2:1(FY: 069-070),,2:1(FY:069-070),102245.0,18721747695.38
SHIVM,516.0,1.93,530.0,514.1,530.0,133967.0,/CompanyDetail.aspx?symbol=SHIVM,Manufacturing And Processing,50270000.0,524.0,2024/01/08 03:00:00,680.00-389.80,536.84,516.9,-10.43,-4.25,-123.29,191.95,2.73,,#ValueFiscal Year,,,319616.0,26341480000.0
SHL,484.0,1.32,492.0,464.0,468.2,363290.0,/CompanyDetail.aspx?symbol=SHL,Hotels And Tourism,9289508.13,459.1,2024/01/08 03:00:00,536.00-215.60,442.61,435.48,95.36,4.41,104.1,24.25,18.93,,#ValueFiscal Year,,,220248.0,4264813182.48
SHLB,910.0,3.16,926.0,890.0,890.0,535.0,/CompanyDetail.aspx?symbol=SHLB,Microfinance,1093750.0,908.0,2024/01/08 03:00:00,"2,420.00-778.00",957.71,886.78,-60.73,10.17,89.28,234.63,3.87,,#ValueFiscal Year,,,938.0,993125000.0
SHPC,366.0,3.09,377.3,363.6,365.6,126982.0,/CompanyDetail.aspx?symbol=SHPC,Hydro Power,33981761.0,364.0,2024/01/08 03:00:00,403.00-282.30,336.58,327.14,6.43,28.99,12.56,158.33,2.3,,#ValueFiscal Year1.1:1(FY: 073-074),,1:1(FY:073-074),61644.0,12369361004.0
SICL,759.0,1.75,770.0,750.0,755.0,18734.0,/CompanyDetail.aspx?symbol=SICL,Non-Life Insurance,26549473.0,743.9,2024/01/08 03:00:00,"1,010.00-682.00",768.44,746.49,-24.09,23.43,31.75,193.63,3.84,,#ValueFiscal Year1.1:0.3(FY: 078-079)2.1:0.30(FY: 076-077),,1:0.3(FY:078-079),15519.0,19750152964.7
SIFC,373.9,2.27,380.0,365.0,365.0,16033.0,/CompanyDetail.aspx?symbol=SIFC,Finance,9816832.0,360.0,2024/01/08 03:00:00,408.00-293.20,341.11,335.2,-7.69,0.12,3000.0,135.86,2.65,,#ValueFiscal Year1.10:8.3(FY: 074-075),,(FY:10:8.3),17249.0,3534059520.0
SIGS2,8.57,0.12,8.57,8.57,8.57,100.0,/CompanyDetail.aspx?symbol=SIGS2,Mutual Fund,120000000.0,8.59,2024/01/08 03:00:00,9.65-6.92,8.29,8.01,-2.61,0.0,0.0,0.0,0.0,6.50(FY:079-080),#ValueFiscal Year,,,54150.0,1030800000.0
SIKLES,492.0,2.85,517.9,491.0,515.0,39613.0,/CompanyDetail.aspx?symbol=SIKLES,Hydro Power,8500000.0,506.0,2024/01/08 03:00:00,520.00-315.00,382.35,387.79,10.0,30.08,16.82,114.32,4.43,6.00(FY:079-080),#ValueFiscal Year,,,22775.0,4301000000.0
SINDU,308.0,2.98,308.0,282.0,282.0,90467.0,/CompanyDetail.aspx?symbol=SINDU,Development Bank Limited,5574560.67,280.0,2024/01/08 03:00:00,336.00-227.70,261.59,258.45,-11.7,1.38,202.9,111.3,2.52,,#ValueFiscal Year1.10:8(FY: 072-073)2.(FY: 071-072),,10:8(FY:072-073),17071.0,1560876987.6
SJCL,309.0,2.48,318.0,305.5,307.0,60500.0,/CompanyDetail.aspx?symbol=SJCL,Hydro Power,36500000.0,310.5,2024/01/08 03:00:00,359.00-232.10,269.35,261.45,4.55,-0.56,-554.46,93.52,3.32,,#ValueFiscal Year,,,28552.0,11333250000.0
SJLIC,553.0,5.88,565.9,551.2,555.5,71636.0,/CompanyDetail.aspx?symbol=SJLIC,Life Insurance,45455721.0,545.3,2024/01/08 03:00:00,646.00-379.00,541.35,522.93,0.0,0.0,0.0,155.53,3.51,,#ValueFiscal Year,,,95442.0,24787004661.3
SKBBL,867.0,-1.14,873.0,855.1,855.1,13283.0,/CompanyDetail.aspx?symbol=SKBBL,Microfinance,38063737.94,858.0,2024/01/08 03:00:00,"1,325.00-755.00",903.62,903.9,-33.44,31.67,27.09,247.75,3.46,,#ValueFiscal Year2.(FY: 070-071)1.(FY: 071-072),,,22871.0,32658687152.52
SLBBL,624.5,2.31,643.9,609.1,631.3,8549.0,/CompanyDetail.aspx?symbol=SLBBL,Microfinance,6272009.28,619.0,2024/01/08 03:00:00,"1,115.00-523.00",652.67,627.97,-39.07,14.87,41.63,136.33,4.54,,#ValueFiscal Year1.(FY: 073-074)2.1:1(FY: 072-073)3.(FY: 071-072),,,7959.0,3882373744.32
SLBSL,795.0,6.67,795.0,760.0,784.0,403.0,/CompanyDetail.aspx?symbol=SLBSL,Microfinance,1452000.0,800.0,2024/01/08 03:00:00,"1,373.90-578.20",789.29,742.42,-40.12,-81.14,-9.86,131.96,6.06,,#ValueFiscal Year,,,840.0,1161600000.0
SLCF,7.72,-1.89,7.81,7.55,7.66,70105.0,/CompanyDetail.aspx?symbol=SLCF,Mutual Fund,120000000.0,7.8,2024/01/08 03:00:00,9.01-6.87,7.51,7.37,-2.62,0.0,0.0,0.0,7.8,,#ValueFiscal Year,,,27397.0,936000000.0
SMATA,618.0,1.79,636.5,610.0,620.0,1812.0,/CompanyDetail.aspx?symbol=SMATA,Microfinance,3941558.2,625.0,2024/01/08 03:00:00,905.00-552.00,637.34,626.87,-30.25,-4.87,-128.34,129.99,4.81,0.29(FY:079-080),#ValueFiscal Year1.(FY: 076-077)2.1:2(FY: 076-077)3.2:1(FY: 074-075)4.1:1(FY: 072-073),5.42(FY:079-080),,1587.0,2463473875.0
SMB,970.9,-1.02,975.0,950.0,975.0,742.0,/CompanyDetail.aspx?symbol=SMB,Microfinance,1076189.4,969.0,2024/01/08 03:00:00,"1,480.00-812.00",954.68,933.89,-35.4,5.94,163.13,150.03,6.46,,#ValueFiscal Year1.1:2(FY: 072-073),,1:2(FY:072-073),654.0,1042827528.6
SMFBS,868.0,3.09,870.0,842.8,855.6,614.0,/CompanyDetail.aspx?symbol=SMFBS,Microfinance,1461385.8,868.0,2024/01/08 03:00:00,"1,657.50-717.40",1016.76,935.8,-45.58,-54.35,-15.97,153.79,5.64,,#ValueFiscal Year,,,978.0,1268482874.4
SMH,614.0,3.37,650.0,608.0,650.0,12941.0,/CompanyDetail.aspx?symbol=SMH,Hydro Power,5000000.0,645.0,2024/01/08 03:00:00,650.00-391.00,564.95,551.94,0.0,36.22,17.81,119.41,5.4,11.50(FY:077-078),#ValueFiscal Year,,,11594.0,3225000000.0
SMHL,442.2,5.61,474.8,442.1,469.0,50903.0,/CompanyDetail.aspx?symbol=SMHL,Hydro Power,21000000.0,466.9,2024/01/08 03:00:00,506.00-299.00,364.92,362.69,0.0,20.37,22.92,107.66,4.34,2.00(FY:079-080),#ValueFiscal Year,,,34430.0,9804900000.0
SMJC,371.0,2.15,403.0,363.0,375.0,203031.0,/CompanyDetail.aspx?symbol=SMJC,Hydro Power,11200000.0,375.5,2024/01/08 03:00:00,403.00-215.00,259.71,270.48,0.0,19.37,19.39,109.98,3.41,10.00(FY:078-079),#ValueFiscal Year,,,150402.0,4205600000.0
SNLI,578.5,5.14,592.0,575.0,580.0,99808.0,/CompanyDetail.aspx?symbol=SNLI,Life Insurance,22400000.0,573.0,2024/01/08 03:00:00,616.00-396.10,484.83,484.83,0.0,25.29,22.66,141.48,4.05,,#ValueFiscal Year,,,126706.0,12835200000.0
SONA,493.0,1.44,516.3,490.1,507.0,427624.0,/CompanyDetail.aspx?symbol=SONA,Manufacturing And Processing,,506.0,2024/01/08 03:00:00,529.50-230.00,345.62,345.62,0.0,0.0,0.0,0.0,506.0,,#ValueFiscal Year,,,464518.0,0.0
SPC,510.0,9.92,537.0,501.2,537.0,17311.0,/CompanyDetail.aspx?symbol=SPC,Hydro Power,5000000.0,526.5,2024/01/08 03:00:00,583.40-307.80,383.84,383.0,11.08,20.17,26.1,116.57,4.52,,#ValueFiscal Year,,,13510.0,2632500000.0
SPDL,245.0,5.31,260.1,243.6,260.0,136231.0,/CompanyDetail.aspx?symbol=SPDL,Hydro Power,11535364.0,258.0,2024/01/08 03:00:00,359.90-160.00,192.45,186.04,-24.56,9.26,27.86,108.33,2.38,0.53(FY:077-078),#ValueFiscal Year1.2:1(FY: 080-081),10.00(FY:077-078),2:1(FY:080-081),149848.0,2976123912.0
SPHL,467.1,3.28,493.0,461.1,473.0,18067.0,/CompanyDetail.aspx?symbol=SPHL,Hydro Power,3000000.0,473.0,2024/01/08 03:00:00,598.00-294.00,412.46,447.02,13.7,15.74,30.05,92.91,5.09,,#ValueFiscal Year,,,15989.0,1419000000.0
SPIL,753.0,0.98,771.0,753.0,754.0,27510.0,/CompanyDetail.aspx?symbol=SPIL,Non-Life Insurance,28065499.0,752.3,2024/01/08 03:00:00,837.00-534.00,741.32,729.63,0.0,19.96,37.69,255.51,2.94,,#ValueFiscal Year,,,27508.0,21113674897.7
SPL,702.0,0.71,725.0,686.0,700.0,11561.0,/CompanyDetail.aspx?symbol=SPL,Hydro Power,2000000.0,699.0,2024/01/08 03:00:00,"1,073.30-265.00",736.19,750.68,0.0,-6.82,-102.49,90.34,7.74,,#ValueFiscal Year,,,7682.0,1398000000.0
SRD80,1020.0,0.69,1020.0,1020.0,1020.0,50.0,/CompanyDetail.aspx?symbol=SRD80,Corporate Debenture,1000000.0,1020.0,2023/12/28 03:00:00,"1,020.00-952.30",995.44,1003.45,3.03,0.0,0.0,0.0,1020.0,,#ValueFiscal Year,,,810.0,1020000000.0
SRLI,480.0,3.3,483.4,471.0,473.3,46965.0,/CompanyDetail.aspx?symbol=SRLI,Life Insurance,41840000.0,470.0,2024/01/08 03:00:00,619.90-389.00,489.9,465.85,0.0,0.0,0.0,120.19,3.91,,#ValueFiscal Year,,,57317.0,19664800000.0
SSHL,168.0,1.28,176.0,166.1,168.8,208929.0,/CompanyDetail.aspx?symbol=SSHL,Hydro Power,14764000.0,166.0,2024/01/08 03:00:00,290.00-133.00,155.6,149.49,-30.54,-1.96,-84.69,39.92,4.16,,#ValueFiscal Year,,,113701.0,2450824000.0
STC,5400.0,0.77,5473.0,5342.0,5342.0,5828.0,/CompanyDetail.aspx?symbol=STC,Tradings,2788843.09,5342.0,2024/01/08 03:00:00,"5,900.00-3,590.00",5256.76,5233.13,7.46,27.53,194.04,575.84,9.28,,#ValueFiscal Year,,,4310.0,14897999786.78
SWBBL,749.0,9.78,795.6,748.0,765.0,7825.0,/CompanyDetail.aspx?symbol=SWBBL,Microfinance,14499994.53,780.0,2024/01/08 03:00:00,"1,380.00-653.70",775.02,754.6,-42.22,8.79,88.74,225.02,3.47,,#ValueFiscal Year,,,8828.0,11309995733.4
SWMF,665.3,0.92,672.8,658.0,670.0,3489.0,/CompanyDetail.aspx?symbol=SWMF,Microfinance,9107825.09,660.0,2024/01/08 03:00:00,"1,001.00-539.10",635.03,613.59,-30.6,5.18,127.41,254.5,2.59,,#ValueFiscal Year,,,5034.0,6011164559.4
TAMOR,382.0,9.88,394.0,365.3,365.3,209001.0,/CompanyDetail.aspx?symbol=TAMOR,Hydro Power,33324970.0,358.2,2024/01/08 03:00:00,394.00-230.10,262.89,262.02,0.0,-1.07,-334.77,97.46,3.68,,#ValueFiscal Year,,,102765.0,11937004254.0
TPC,516.3,9.98,516.3,478.7,478.7,24494.0,/CompanyDetail.aspx?symbol=TPC,Hydro Power,4000000.0,469.4,2024/01/08 03:00:00,516.30-301.20,350.54,352.17,10.97,26.63,17.63,70.29,6.68,,#ValueFiscal Year,,,10625.0,1877600000.0
TRH,866.0,5.89,894.9,851.5,868.8,36300.0,/CompanyDetail.aspx?symbol=TRH,Hotels And Tourism,19621201.6,886.5,2024/01/08 03:00:00,979.20-418.70,770.73,767.2,84.53,8.99,98.61,135.77,6.53,,#ValueFiscal Year,,,26806.0,17394195218.4
TSHL,539.0,5.31,565.0,527.1,545.7,19111.0,/CompanyDetail.aspx?symbol=TSHL,Hydro Power,4925000.0,535.0,2024/01/08 03:00:00,565.00-227.70,368.25,394.09,0.0,34.87,15.34,90.05,5.94,,#ValueFiscal Year,,,23243.0,2634875000.0
TVCL,461.0,10.0,461.0,427.0,427.4,81869.0,/CompanyDetail.aspx?symbol=TVCL,Hydro Power,,419.1,2024/01/08 03:00:00,461.00-268.00,365.16,365.16,0.0,0.0,0.0,0.0,419.1,,#ValueFiscal Year,,,38907.0,0.0
UAIL,641.1,2.4,655.0,640.0,649.8,48947.0,/CompanyDetail.aspx?symbol=UAIL,Non-Life Insurance,19045680.0,640.0,2024/01/08 03:00:00,664.00-470.50,571.08,560.92,0.0,8.13,78.72,170.1,3.76,,#ValueFiscal Year,,,48539.0,12189235200.0
UHEWA,360.0,2.01,374.0,346.0,351.9,50034.0,/CompanyDetail.aspx?symbol=UHEWA,Hydro Power,5000000.0,345.0,2024/01/08 03:00:00,481.00-250.80,304.05,305.1,-18.82,-25.2,-13.69,92.44,3.73,,#ValueFiscal Year,,,20542.0,1725000000.0
ULBSL,1075.0,-0.47,1100.0,1055.0,1055.0,2555.0,/CompanyDetail.aspx?symbol=ULBSL,Microfinance,1061480.0,1065.0,2024/01/08 03:00:00,"3,951.40-944.80",1202.23,1130.99,-69.44,-127.18,-8.37,194.24,5.48,,#ValueFiscal Year,,,1189.0,1130476200.0
ULHC,306.0,7.84,324.0,304.1,304.1,78858.0,/CompanyDetail.aspx?symbol=ULHC,Hydro Power,,304.1,2024/01/08 03:00:00,324.00-217.10,260.05,260.05,0.0,0.0,0.0,0.0,304.1,,#ValueFiscal Year,,,48652.0,0.0
UMHL,224.0,2.78,231.3,222.0,226.0,108866.0,/CompanyDetail.aspx?symbol=UMHL,Hydro Power,12305000.0,222.0,2024/01/08 03:00:00,301.00-167.00,193.11,190.14,-21.83,6.48,34.26,104.71,2.12,,#ValueFiscal Year1.100:17.64(FY: 072-073),,100:17.64(FY:072-073),65203.0,2731710000.0
UMRH,400.0,3.23,427.0,395.0,420.0,194907.0,/CompanyDetail.aspx?symbol=UMRH,Hydro Power,4200000.0,415.0,2024/01/08 03:00:00,590.00-261.30,374.51,352.65,-20.8,17.4,23.85,110.36,3.76,10.53(FY:078-079),#ValueFiscal Year,,,171396.0,1743000000.0
UNHPL,212.0,3.24,223.0,210.0,213.8,122812.0,/CompanyDetail.aspx?symbol=UNHPL,Hydro Power,7500000.0,213.8,2024/01/08 03:00:00,266.00-156.00,178.57,177.95,-12.05,5.61,38.11,97.47,2.19,,#ValueFiscal Year,,,60126.0,1603500000.0
UNL,40000.0,1.28,40000.0,40000.0,40000.0,20.0,/CompanyDetail.aspx?symbol=UNL,Manufacturing And Processing,921000.0,39500.0,2024/01/08 03:00:00,"45,151.00-18,130.00",37280.25,37954.08,111.57,2.0,16.46,5334.96,7.4,"1,580.00(FY:079-080)",#ValueFiscal Year,,,94.0,36379500000.0
UNLB,1090.0,0.46,1120.9,1070.0,1080.0,1502.0,/CompanyDetail.aspx?symbol=UNLB,Microfinance,1485750.0,1099.0,2024/01/08 03:00:00,"2,135.10-922.00",1113.83,1056.88,0.0,4.18,262.92,269.53,4.08,1.00(FY:079-080),#ValueFiscal Year,19.00(FY:079-080),,2018.0,1632839250.0
UPCL,210.0,1.4,218.0,209.8,212.0,210152.0,/CompanyDetail.aspx?symbol=UPCL,Hydro Power,22799299.25,209.8,2024/01/08 03:00:00,290.00-168.00,193.96,190.62,-22.9,10.06,20.85,113.92,1.84,0.45(FY:078-079),#ValueFiscal Year,8.55(FY:078-079),,222101.0,4783292982.65
UPPER,198.0,-0.94,205.0,197.2,204.0,110148.0,/CompanyDetail.aspx?symbol=UPPER,Hydro Power,159909000.0,200.0,2024/01/08 03:00:00,590.00-190.00,247.35,203.86,-62.83,25.2,7.94,60.97,3.28,,#ValueFiscal Year1.1:1(FY: 080-081),,1:1(FY:080-081),72512.0,31981800000.0
USHEC,338.9,3.75,357.0,332.1,346.0,52077.0,/CompanyDetail.aspx?symbol=USHEC,Hydro Power,13500000.0,340.0,2024/01/08 03:00:00,400.00-208.20,255.07,260.53,-4.52,20.72,16.41,98.93,3.44,,#ValueFiscal Year,,,31883.0,4590000000.0
USHL,444.4,5.48,444.4,406.0,409.9,53595.0,/CompanyDetail.aspx?symbol=USHL,Hydro Power,2200000.0,404.0,2024/01/08 03:00:00,444.40-253.60,333.5,344.36,0.0,-25.46,-15.87,59.35,6.81,,#ValueFiscal Year,,,17825.0,888800000.0
USLB,779.0,0.0,795.0,760.0,795.0,1723.0,/CompanyDetail.aspx?symbol=USLB,Microfinance,2290206.18,780.0,2024/01/08 03:00:00,"1,076.00-591.10",740.83,722.9,-24.42,3.34,233.53,204.67,3.81,,#ValueFiscal Year1.5:1(FY: 075-076)2.4:1(FY: 073-074),30.00(FY:077-078),5:1(FY:075-076),2448.0,1786360822.74
VLBS,640.0,-0.8,640.0,607.6,610.0,5574.0,/CompanyDetail.aspx?symbol=VLBS,Microfinance,7450403.59,620.0,2024/01/08 03:00:00,"1,014.30-546.10",604.7,603.4,-35.68,8.01,77.4,145.99,4.25,,#ValueFiscal Year1.(FY: 074-075),,,5026.0,4619250225.8
VLUCL,567.0,4.83,597.0,562.0,586.0,43715.0,/CompanyDetail.aspx?symbol=VLUCL,Hydro Power,,586.0,2024/01/08 03:00:00,607.00-365.30,526.61,526.61,0.0,0.0,0.0,0.0,586.0,,#ValueFiscal Year,,,58360.0,0.0
WNLB,807.8,-1.96,811.5,775.0,775.0,1785.0,/CompanyDetail.aspx?symbol=WNLB,Microfinance,792113.0,780.0,2024/01/08 03:00:00,"1,157.80-680.00",753.1,736.95,-25.9,-7.82,-99.74,107.74,7.24,,#ValueFiscal Year,,,856.0,617848140.0
